crop,stage,soilN,soilP,soilK,ph,defN,defP,defK,fertilizer_type,fertilizer_amount_g
cucumber,35_days_to_end,56.78,222.47,196.89,5.42,368.22,27.53,473.11,KNO3_13_0_46,1028.49
cucumber,transplant_0_14_days,121.81,160.59,15.65,6.27,28.19,0.0,134.35,KNO3_13_0_46,292.07
cucumber,transplant_0_14_days,16.87,41.88,108.36,6.68,133.13,108.12,41.64,NPK_20_20_20,665.67
cucumber,35_days_to_end,331.44,163.48,177.23,6.77,93.56,86.52,492.77,KNO3_13_0_46,1071.23
cucumber,transplant_0_14_days,136.59,28.74,76.07,5.83,13.41,121.26,73.93,MAP_12_61_0,198.79
cucumber,transplant_0_14_days,172.3,60.59,16.69,5.29,0.0,89.41,133.31,KNO3_13_0_46,289.8
cucumber,14_35_days,181.12,145.28,350.27,6.61,68.88,4.72,49.73,UREA_46_0_0,149.74
cucumber,14_35_days,23.64,52.77,301.75,7.66,226.36,97.23,98.25,UREA_46_0_0,492.09
cucumber,14_35_days,173.21,126.82,22.0,5.68,76.79,23.18,378.0,KNO3_13_0_46,821.75
cucumber,14_35_days,295.57,153.96,415.91,6.14,0.0,0.0,0.0,NPK_20_20_20,0.0
cucumber,14_35_days,190.71,65.67,177.69,5.63,59.29,84.33,222.31,KNO3_13_0_46,483.29
cucumber,14_35_days,210.55,123.04,34.27,6.9,39.45,26.96,365.73,KNO3_13_0_46,795.06
cucumber,35_days_to_end,371.85,49.02,305.08,7.97,53.15,200.98,364.92,KNO3_13_0_46,793.3
cucumber,35_days_to_end,350.96,65.88,260.72,7.3,74.04,184.12,409.28,KNO3_13_0_46,889.73
cucumber,transplant_0_14_days,41.23,5.78,56.78,5.8,108.77,144.22,93.22,NPK_20_20_20,721.11
cucumber,transplant_0_14_days,164.36,102.09,129.22,5.64,0.0,47.91,20.78,MAP_12_61_0,78.54
cucumber,14_35_days,118.69,164.62,220.25,5.79,131.31,0.0,179.75,KNO3_13_0_46,390.76
cucumber,transplant_0_14_days,134.1,97.02,134.46,6.29,15.9,52.98,15.54,MAP_12_61_0,86.86
cucumber,35_days_to_end,203.69,65.8,802.02,6.53,221.31,184.2,0.0,UREA_46_0_0,481.1
cucumber,transplant_0_14_days,136.04,155.0,27.51,5.48,13.96,0.0,122.49,KNO3_13_0_46,266.28
cucumber,35_days_to_end,215.3,19.06,306.82,7.99,209.7,230.94,363.18,NPK_20_20_20,1815.89
cucumber,35_days_to_end,128.22,165.97,757.71,7.04,296.78,84.03,0.0,UREA_46_0_0,645.17
cucumber,transplant_0_14_days,122.71,96.65,48.03,6.92,27.29,53.35,101.97,KNO3_13_0_46,221.68
cucumber,transplant_0_14_days,52.83,28.47,0.58,7.17,97.17,121.53,149.42,NPK_20_20_20,747.08
cucumber,35_days_to_end,134.33,150.18,143.64,7.74,290.67,99.82,526.36,KNO3_13_0_46,1144.27
cucumber,35_days_to_end,152.21,191.68,489.61,5.46,272.79,58.32,180.39,UREA_46_0_0,593.03
cucumber,transplant_0_14_days,97.09,140.15,95.46,5.0,52.91,9.85,54.54,NPK_20_20_20,272.68
cucumber,14_35_days,146.58,20.14,174.23,7.96,103.42,129.86,225.77,NPK_20_20_20,1128.85
cucumber,14_35_days,71.84,43.36,272.33,5.24,178.16,106.64,127.67,NPK_20_20_20,890.82
cucumber,35_days_to_end,247.86,20.76,611.52,7.3,177.14,229.24,58.48,NPK_20_20_20,1146.18
cucumber,transplant_0_14_days,118.76,170.43,29.72,6.58,31.24,0.0,120.28,KNO3_13_0_46,261.47
cucumber,35_days_to_end,215.8,63.54,433.59,7.19,209.2,186.46,236.41,NPK_20_20_20,1182.03
cucumber,transplant_0_14_days,128.33,71.82,120.9,6.12,21.67,78.18,29.1,MAP_12_61_0,128.17
cucumber,35_days_to_end,230.26,74.37,51.48,5.06,194.74,175.63,618.52,KNO3_13_0_46,1344.62
cucumber,35_days_to_end,117.36,66.07,57.08,6.89,307.64,183.93,612.92,KNO3_13_0_46,1332.44
cucumber,transplant_0_14_days,12.13,5.65,59.48,6.54,137.87,144.35,90.52,NPK_20_20_20,721.73
cucumber,14_35_days,200.69,38.56,63.51,7.81,49.31,111.44,336.49,KNO3_13_0_46,731.5
cucumber,35_days_to_end,293.87,72.9,380.27,6.22,131.13,177.1,289.73,NPK_20_20_20,1448.65
cucumber,transplant_0_14_days,17.45,77.59,76.24,6.4,132.55,72.41,73.76,NPK_20_20_20,662.76
cucumber,35_days_to_end,27.63,196.04,519.53,5.18,397.37,53.96,150.47,UREA_46_0_0,863.85
cucumber,35_days_to_end,173.04,258.5,199.92,5.57,251.96,0.0,470.08,KNO3_13_0_46,1021.91
cucumber,14_35_days,42.05,33.03,222.06,7.62,207.95,116.97,177.94,NPK_20_20_20,1039.73
cucumber,transplant_0_14_days,79.76,155.04,99.06,5.15,70.24,0.0,50.94,UREA_46_0_0,152.69
cucumber,35_days_to_end,426.37,290.7,744.8,7.55,0.0,0.0,0.0,NPK_20_20_20,0.0
cucumber,transplant_0_14_days,73.15,86.64,155.64,7.71,76.85,63.36,0.0,UREA_46_0_0,167.06
cucumber,transplant_0_14_days,68.22,177.36,47.74,7.35,81.78,0.0,102.26,KNO3_13_0_46,222.31
cucumber,14_35_days,85.57,125.39,350.64,7.35,164.43,24.61,49.36,UREA_46_0_0,357.45
cucumber,35_days_to_end,366.39,46.44,238.55,7.91,58.61,203.56,431.45,KNO3_13_0_46,937.93
cucumber,35_days_to_end,375.23,18.29,252.14,5.15,49.77,231.71,417.86,KNO3_13_0_46,908.4
cucumber,14_35_days,150.86,153.49,75.57,7.88,99.14,0.0,324.43,KNO3_13_0_46,705.29
cucumber,transplant_0_14_days,153.24,12.33,12.23,7.59,0.0,137.67,137.77,KNO3_13_0_46,299.49
cucumber,14_35_days,35.97,160.25,118.18,6.78,214.03,0.0,281.82,KNO3_13_0_46,612.64
cucumber,35_days_to_end,41.81,197.21,454.44,5.95,383.19,52.79,215.56,UREA_46_0_0,833.02
cucumber,14_35_days,61.28,128.91,114.57,6.19,188.72,21.09,285.43,KNO3_13_0_46,620.5
cucumber,35_days_to_end,329.21,137.17,746.93,7.81,95.79,112.83,0.0,MAP_12_61_0,184.97
cucumber,transplant_0_14_days,82.49,179.72,179.3,5.22,67.51,0.0,0.0,UREA_46_0_0,146.76
cucumber,transplant_0_14_days,91.06,23.84,62.82,5.21,58.94,126.16,87.18,NPK_20_20_20,630.79
cucumber,transplant_0_14_days,66.51,28.39,150.07,7.11,83.49,121.61,0.0,MAP_12_61_0,199.35
cucumber,35_days_to_end,501.77,242.13,425.27,7.0,0.0,7.87,244.73,KNO3_13_0_46,532.03
cucumber,35_days_to_end,152.68,199.02,754.9,5.4,272.32,50.98,0.0,UREA_46_0_0,591.99
cucumber,transplant_0_14_days,160.15,133.64,27.98,5.85,0.0,16.36,122.02,KNO3_13_0_46,265.26
cucumber,transplant_0_14_days,129.17,36.65,114.16,5.79,20.83,113.35,35.84,MAP_12_61_0,185.82
cucumber,14_35_days,75.34,163.47,24.38,6.9,174.66,0.0,375.62,KNO3_13_0_46,816.56
cucumber,14_35_days,13.23,60.04,62.79,7.94,236.77,89.96,337.21,KNO3_13_0_46,733.06
cucumber,transplant_0_14_days,133.42,99.3,76.98,5.03,16.58,50.7,73.02,KNO3_13_0_46,158.73
cucumber,transplant_0_14_days,170.11,124.38,26.83,5.11,0.0,25.62,123.17,KNO3_13_0_46,267.76
cucumber,14_35_days,174.75,26.66,61.17,5.92,75.25,123.34,338.83,KNO3_13_0_46,736.58
cucumber,transplant_0_14_days,161.81,37.81,44.92,5.31,0.0,112.19,105.08,MAP_12_61_0,183.91
cucumber,35_days_to_end,450.91,121.91,499.01,5.46,0.0,128.09,170.99,KNO3_13_0_46,371.71
cucumber,transplant_0_14_days,155.63,175.72,145.94,7.64,0.0,0.0,4.06,KNO3_13_0_46,8.83
cucumber,transplant_0_14_days,32.28,166.41,140.83,6.24,117.72,0.0,9.17,UREA_46_0_0,255.9
cucumber,35_days_to_end,440.67,243.22,214.51,7.36,0.0,6.78,455.49,KNO3_13_0_46,990.19
cucumber,transplant_0_14_days,68.86,6.97,84.72,5.6,81.14,143.03,65.28,NPK_20_20_20,715.15
cucumber,14_35_days,104.9,147.7,418.24,5.67,145.1,2.3,0.0,UREA_46_0_0,315.44
cucumber,35_days_to_end,98.5,98.48,694.94,7.9,326.5,151.52,0.0,UREA_46_0_0,709.79
cucumber,14_35_days,105.34,91.69,326.17,7.53,144.66,58.31,73.83,UREA_46_0_0,314.47
cucumber,14_35_days,281.77,20.76,465.79,5.54,0.0,129.24,0.0,MAP_12_61_0,211.87
cucumber,14_35_days,11.48,107.38,165.93,7.36,238.52,42.62,234.07,NPK_20_20_20,1192.61
cucumber,14_35_days,181.86,92.06,184.89,6.73,68.14,57.94,215.11,KNO3_13_0_46,467.62
cucumber,14_35_days,13.32,78.49,249.56,7.42,236.68,71.51,150.44,UREA_46_0_0,514.53
cucumber,35_days_to_end,366.91,222.59,539.19,6.09,58.09,27.41,130.81,KNO3_13_0_46,284.38
cucumber,transplant_0_14_days,170.8,165.74,112.17,6.99,0.0,0.0,37.83,KNO3_13_0_46,82.24
cucumber,transplant_0_14_days,129.56,54.06,55.67,6.23,20.44,95.94,94.33,NPK_20_20_20,479.71
cucumber,14_35_days,209.16,99.79,92.08,6.99,40.84,50.21,307.92,KNO3_13_0_46,669.38
cucumber,14_35_days,203.2,162.5,295.45,5.9,46.8,0.0,104.55,KNO3_13_0_46,227.29
cucumber,35_days_to_end,425.2,91.16,168.99,7.36,0.0,158.84,501.01,KNO3_13_0_46,1089.16
cucumber,35_days_to_end,333.9,139.5,355.5,5.64,91.1,110.5,314.5,KNO3_13_0_46,683.7
cucumber,14_35_days,238.12,172.77,353.26,6.98,11.88,0.0,46.74,KNO3_13_0_46,101.61
cucumber,14_35_days,154.64,113.93,160.89,7.46,95.36,36.07,239.11,KNO3_13_0_46,519.8
cucumber,transplant_0_14_days,121.1,40.44,35.84,5.07,28.9,109.56,114.16,NPK_20_20_20,570.78
cucumber,transplant_0_14_days,177.11,110.03,138.33,6.37,0.0,39.97,11.67,MAP_12_61_0,65.53
cucumber,35_days_to_end,293.59,215.5,308.72,6.2,131.41,34.5,361.28,KNO3_13_0_46,785.39
cucumber,transplant_0_14_days,118.09,1.0,135.17,7.31,31.91,149.0,14.83,MAP_12_61_0,244.27
cucumber,transplant_0_14_days,140.12,39.39,144.74,7.09,9.88,110.61,5.26,MAP_12_61_0,181.33
cucumber,14_35_days,15.07,44.86,407.2,6.37,234.93,105.14,0.0,UREA_46_0_0,510.73
cucumber,14_35_days,200.27,177.82,285.82,7.85,49.73,0.0,114.18,KNO3_13_0_46,248.22
cucumber,14_35_days,183.8,129.47,242.29,7.49,66.2,20.53,157.71,KNO3_13_0_46,342.84
cucumber,35_days_to_end,227.42,47.75,692.64,6.35,197.58,202.25,0.0,MAP_12_61_0,331.56
cucumber,transplant_0_14_days,151.18,49.92,139.98,6.45,0.0,100.08,10.02,MAP_12_61_0,164.07
cucumber,transplant_0_14_days,49.43,13.95,51.43,5.82,100.57,136.05,98.57,NPK_20_20_20,680.26
cucumber,14_35_days,267.91,14.5,72.4,6.15,0.0,135.5,327.6,KNO3_13_0_46,712.18
cucumber,transplant_0_14_days,127.16,11.56,73.37,6.63,22.84,138.44,76.63,MAP_12_61_0,226.95
cucumber,14_35_days,18.68,149.92,186.95,7.31,231.32,0.08,213.05,UREA_46_0_0,502.87
cucumber,35_days_to_end,9.96,264.2,462.86,6.43,415.04,0.0,207.14,UREA_46_0_0,902.26
cucumber,14_35_days,89.58,70.2,427.99,7.51,160.42,79.8,0.0,UREA_46_0_0,348.73
cucumber,35_days_to_end,381.23,163.84,485.02,5.66,43.77,86.16,184.98,KNO3_13_0_46,402.14
cucumber,transplant_0_14_days,49.13,87.42,69.99,7.01,100.87,62.58,80.01,NPK_20_20_20,504.36
cucumber,14_35_days,217.25,151.29,441.38,7.94,32.75,0.0,0.0,UREA_46_0_0,71.19
cucumber,35_days_to_end,13.75,118.21,453.77,5.08,411.25,131.79,216.23,UREA_46_0_0,894.02
cucumber,35_days_to_end,218.59,260.06,146.11,5.78,206.41,0.0,523.89,KNO3_13_0_46,1138.89
cucumber,14_35_days,63.5,58.83,365.39,6.14,186.5,91.17,34.61,UREA_46_0_0,405.44
cucumber,14_35_days,75.68,14.74,9.3,6.62,174.32,135.26,390.7,KNO3_13_0_46,849.34
cucumber,14_35_days,67.27,12.35,459.5,5.12,182.73,137.65,0.0,UREA_46_0_0,397.25
cucumber,transplant_0_14_days,170.93,35.88,3.67,5.46,0.0,114.12,146.33,KNO3_13_0_46,318.11
cucumber,transplant_0_14_days,85.24,20.59,170.6,6.4,64.76,129.41,0.0,MAP_12_61_0,212.15
cucumber,14_35_days,230.07,30.2,291.48,7.24,19.93,119.8,108.52,NPK_20_20_20,598.99
cucumber,transplant_0_14_days,140.0,29.48,55.99,6.74,10.0,120.52,94.01,MAP_12_61_0,197.58
cucumber,14_35_days,172.74,163.44,180.15,7.82,77.26,0.0,219.85,KNO3_13_0_46,477.94
cucumber,transplant_0_14_days,13.68,124.31,112.9,5.31,136.32,25.69,37.1,UREA_46_0_0,296.35
cucumber,14_35_days,255.09,108.07,58.11,7.95,0.0,41.93,341.89,KNO3_13_0_46,743.25
cucumber,transplant_0_14_days,62.5,77.11,66.7,6.52,87.5,72.89,83.3,NPK_20_20_20,437.52
cucumber,14_35_days,3.8,75.61,235.3,6.3,246.2,74.39,164.7,UREA_46_0_0,535.23
cucumber,14_35_days,190.68,149.17,339.51,6.31,59.32,0.83,60.49,KNO3_13_0_46,131.5
cucumber,35_days_to_end,266.09,195.14,495.19,7.76,158.91,54.86,174.81,NPK_20_20_20,874.03
cucumber,14_35_days,139.46,148.63,284.39,5.97,110.54,1.37,115.61,KNO3_13_0_46,251.33
cucumber,transplant_0_14_days,149.53,15.6,158.69,5.73,0.47,134.4,0.0,MAP_12_61_0,220.33
cucumber,14_35_days,170.95,120.27,161.47,6.48,79.05,29.73,238.53,KNO3_13_0_46,518.54
cucumber,14_35_days,54.55,38.18,382.96,6.02,195.45,111.82,17.04,UREA_46_0_0,424.89
cucumber,35_days_to_end,357.6,82.88,8.16,7.84,67.4,167.12,661.84,KNO3_13_0_46,1438.78
cucumber,transplant_0_14_days,43.44,73.16,99.93,5.72,106.56,76.84,50.07,NPK_20_20_20,532.78
cucumber,14_35_days,193.77,88.35,380.61,5.28,56.23,61.65,19.39,NPK_20_20_20,308.26
cucumber,transplant_0_14_days,72.79,43.79,119.51,6.11,77.21,106.21,30.49,NPK_20_20_20,531.03
cucumber,35_days_to_end,270.77,127.65,599.73,5.99,154.23,122.35,70.27,NPK_20_20_20,771.15
cucumber,35_days_to_end,231.41,91.99,185.35,7.16,193.59,158.01,484.65,KNO3_13_0_46,1053.58
cucumber,14_35_days,35.87,96.46,365.85,5.56,214.13,53.54,34.15,UREA_46_0_0,465.51
cucumber,transplant_0_14_days,132.95,49.77,106.13,7.28,17.05,100.23,43.87,MAP_12_61_0,164.31
cucumber,35_days_to_end,144.33,30.16,156.07,5.68,280.67,219.84,513.93,KNO3_13_0_46,1117.24
cucumber,transplant_0_14_days,54.41,127.44,22.78,5.14,95.59,22.56,127.22,KNO3_13_0_46,276.55
cucumber,transplant_0_14_days,99.6,125.54,22.73,7.61,50.4,24.46,127.27,KNO3_13_0_46,276.67
cucumber,14_35_days,30.78,2.21,136.48,6.44,219.22,147.79,263.52,NPK_20_20_20,1317.59
cucumber,14_35_days,55.31,9.25,451.71,6.43,194.69,140.75,0.0,UREA_46_0_0,423.24
cucumber,transplant_0_14_days,72.13,13.33,113.3,5.16,77.87,136.67,36.7,MAP_12_61_0,224.04
cucumber,transplant_0_14_days,146.01,170.84,15.33,5.74,3.99,0.0,134.67,KNO3_13_0_46,292.76
cucumber,35_days_to_end,389.87,181.9,635.76,5.68,35.13,68.1,34.24,NPK_20_20_20,340.52
cucumber,35_days_to_end,193.99,272.55,239.07,6.77,231.01,0.0,430.93,KNO3_13_0_46,936.8
cucumber,14_35_days,91.61,111.78,292.62,7.22,158.39,38.22,107.38,UREA_46_0_0,344.32
cucumber,transplant_0_14_days,112.59,47.64,14.61,5.72,37.41,102.36,135.39,NPK_20_20_20,676.93
cucumber,35_days_to_end,38.28,0.8,362.2,6.78,386.72,249.2,307.8,NPK_20_20_20,1933.58
cucumber,14_35_days,9.79,51.86,135.7,7.58,240.21,98.14,264.3,NPK_20_20_20,1321.48
cucumber,transplant_0_14_days,123.73,166.3,141.81,6.88,26.27,0.0,8.19,UREA_46_0_0,57.11
cucumber,35_days_to_end,409.99,59.35,92.28,5.67,15.01,190.65,577.72,KNO3_13_0_46,1255.91
cucumber,transplant_0_14_days,163.51,148.79,12.85,5.5,0.0,1.21,137.15,KNO3_13_0_46,298.14
cucumber,14_35_days,178.51,148.36,442.17,6.32,71.49,1.64,0.0,UREA_46_0_0,155.41
cucumber,14_35_days,206.6,125.95,452.48,6.5,43.4,24.05,0.0,UREA_46_0_0,94.34
cucumber,14_35_days,131.33,107.65,426.92,7.2,118.67,42.35,0.0,UREA_46_0_0,257.98
cucumber,35_days_to_end,127.69,27.4,773.38,7.51,297.31,222.6,0.0,UREA_46_0_0,646.33
cucumber,35_days_to_end,299.43,6.22,614.87,7.46,125.57,243.78,55.13,MAP_12_61_0,399.63
cucumber,35_days_to_end,20.52,226.88,378.28,6.95,404.48,23.12,291.72,UREA_46_0_0,879.31
cucumber,14_35_days,54.45,105.36,304.7,6.48,195.55,44.64,95.3,UREA_46_0_0,425.12
cucumber,transplant_0_14_days,84.6,73.5,57.79,5.31,65.4,76.5,92.21,NPK_20_20_20,461.05
cucumber,transplant_0_14_days,59.36,124.86,51.88,7.84,90.64,25.14,98.12,NPK_20_20_20,490.6
cucumber,35_days_to_end,18.72,26.42,202.93,5.35,406.28,223.58,467.07,NPK_20_20_20,2335.36
cucumber,14_35_days,259.47,148.49,0.55,7.61,0.0,1.51,399.45,KNO3_13_0_46,868.36
cucumber,14_35_days,123.97,33.76,173.65,7.27,126.03,116.24,226.35,NPK_20_20_20,1131.73
cucumber,35_days_to_end,225.44,15.48,214.71,5.39,199.56,234.52,455.29,KNO3_13_0_46,989.75
cucumber,14_35_days,131.43,125.69,58.28,7.92,118.57,24.31,341.72,KNO3_13_0_46,742.86
cucumber,35_days_to_end,407.65,212.93,249.84,5.04,17.35,37.07,420.16,KNO3_13_0_46,913.38
cucumber,14_35_days,27.96,178.61,438.21,6.38,222.04,0.0,0.0,UREA_46_0_0,482.69
cucumber,transplant_0_14_days,116.59,27.71,167.88,5.88,33.41,122.29,0.0,MAP_12_61_0,200.47
cucumber,35_days_to_end,139.45,250.42,788.12,5.73,285.55,0.0,0.0,UREA_46_0_0,620.77
cucumber,35_days_to_end,73.77,57.18,481.9,7.24,351.23,192.82,188.1,NPK_20_20_20,1756.16
cucumber,transplant_0_14_days,155.52,49.72,142.2,6.24,0.0,100.28,7.8,MAP_12_61_0,164.39
cucumber,35_days_to_end,136.26,0.77,583.74,7.51,288.74,249.23,86.26,NPK_20_20_20,1443.71
cucumber,35_days_to_end,509.44,146.89,119.47,6.62,0.0,103.11,550.53,KNO3_13_0_46,1196.8
cucumber,14_35_days,99.73,137.32,181.06,7.8,150.27,12.68,218.94,KNO3_13_0_46,475.95
cucumber,transplant_0_14_days,176.54,42.98,68.93,7.57,0.0,107.02,81.07,MAP_12_61_0,175.43
cucumber,14_35_days,13.09,134.05,338.51,7.43,236.91,15.95,61.49,UREA_46_0_0,515.01
cucumber,14_35_days,296.52,142.63,312.97,5.46,0.0,7.37,87.03,KNO3_13_0_46,189.2
cucumber,transplant_0_14_days,22.72,173.76,59.76,5.3,127.28,0.0,90.24,UREA_46_0_0,276.69
cucumber,14_35_days,29.91,163.88,7.37,5.43,220.09,0.0,392.63,KNO3_13_0_46,853.55
cucumber,35_days_to_end,494.68,22.45,628.35,5.8,0.0,227.55,41.65,MAP_12_61_0,373.04
cucumber,35_days_to_end,353.28,194.95,684.82,7.56,71.72,55.05,0.0,UREA_46_0_0,155.91
cucumber,35_days_to_end,193.8,95.0,577.85,7.28,231.2,155.0,92.15,NPK_20_20_20,1155.98
cucumber,35_days_to_end,18.31,20.53,507.45,7.76,406.69,229.47,162.55,UREA_46_0_0,884.11
cucumber,transplant_0_14_days,134.42,78.11,17.72,6.9,15.58,71.89,132.28,KNO3_13_0_46,287.57
cucumber,transplant_0_14_days,79.86,124.92,162.62,5.14,70.14,25.08,0.0,UREA_46_0_0,152.47
cucumber,transplant_0_14_days,52.81,67.47,26.2,6.59,97.19,82.53,123.8,NPK_20_20_20,618.99
cucumber,35_days_to_end,347.72,54.02,140.76,6.83,77.28,195.98,529.24,KNO3_13_0_46,1150.53
cucumber,14_35_days,185.91,43.35,438.16,5.43,64.09,106.65,0.0,MAP_12_61_0,174.84
cucumber,14_35_days,191.37,82.72,320.08,7.7,58.63,67.28,79.92,NPK_20_20_20,399.58
cucumber,14_35_days,270.36,121.97,75.83,6.33,0.0,28.03,324.17,KNO3_13_0_46,704.72
cucumber,14_35_days,296.3,53.85,461.77,7.07,0.0,96.15,0.0,MAP_12_61_0,157.63
cucumber,14_35_days,253.59,35.86,184.65,6.45,0.0,114.14,215.35,KNO3_13_0_46,468.15
cucumber,transplant_0_14_days,68.65,64.61,53.26,7.1,81.35,85.39,96.74,NPK_20_20_20,483.71
cucumber,transplant_0_14_days,176.03,118.48,49.41,6.7,0.0,31.52,100.59,KNO3_13_0_46,218.68
cucumber,35_days_to_end,396.94,292.08,732.14,7.24,28.06,0.0,0.0,UREA_46_0_0,61.0
cucumber,14_35_days,232.72,41.42,384.93,5.66,17.28,108.58,15.07,MAP_12_61_0,178.0
cucumber,transplant_0_14_days,111.76,122.0,129.77,6.98,38.24,28.0,20.23,NPK_20_20_20,191.2
cucumber,transplant_0_14_days,113.08,162.61,116.34,5.93,36.92,0.0,33.66,UREA_46_0_0,80.25
cucumber,14_35_days,10.01,65.68,63.08,7.73,239.99,84.32,336.92,KNO3_13_0_46,732.44
cucumber,14_35_days,224.24,31.62,63.44,6.62,25.76,118.38,336.56,KNO3_13_0_46,731.66
cucumber,14_35_days,159.26,164.43,398.63,5.77,90.74,0.0,1.37,UREA_46_0_0,197.27
cucumber,14_35_days,290.22,53.13,417.79,7.41,0.0,96.87,0.0,MAP_12_61_0,158.81
cucumber,14_35_days,288.87,25.34,463.92,7.58,0.0,124.66,0.0,MAP_12_61_0,204.37
cucumber,35_days_to_end,343.95,119.22,679.98,6.67,81.05,130.78,0.0,MAP_12_61_0,214.39
cucumber,transplant_0_14_days,142.32,2.51,96.58,6.36,7.68,147.49,53.42,MAP_12_61_0,241.79
cucumber,35_days_to_end,382.0,78.65,306.34,6.92,43.0,171.35,363.66,KNO3_13_0_46,790.56
cucumber,14_35_days,32.5,42.09,12.01,7.65,217.5,107.91,387.99,KNO3_13_0_46,843.45
cucumber,35_days_to_end,167.28,183.02,520.71,6.91,257.72,66.98,149.29,UREA_46_0_0,560.25
cucumber,14_35_days,272.82,54.39,195.98,5.42,0.0,95.61,204.02,KNO3_13_0_46,443.52
cucumber,transplant_0_14_days,54.79,88.67,17.49,7.66,95.21,61.33,132.51,NPK_20_20_20,662.53
cucumber,transplant_0_14_days,69.96,66.78,170.89,7.09,80.04,83.22,0.0,MAP_12_61_0,136.42
cucumber,35_days_to_end,213.75,222.68,124.24,6.24,211.25,27.32,545.76,KNO3_13_0_46,1186.44
cucumber,transplant_0_14_days,150.06,110.82,169.03,5.84,0.0,39.18,0.0,MAP_12_61_0,64.23
cucumber,35_days_to_end,188.97,133.01,764.25,7.57,236.03,116.99,0.0,UREA_46_0_0,513.11
cucumber,transplant_0_14_days,176.57,66.12,162.31,6.93,0.0,83.88,0.0,MAP_12_61_0,137.51
cucumber,transplant_0_14_days,71.67,34.17,21.99,7.54,78.33,115.83,128.01,NPK_20_20_20,640.06
cucumber,14_35_days,27.5,38.18,306.96,7.91,222.5,111.82,93.04,UREA_46_0_0,483.69
cucumber,transplant_0_14_days,141.62,43.84,22.67,6.69,8.38,106.16,127.33,KNO3_13_0_46,276.81
cucumber,transplant_0_14_days,149.37,99.76,105.55,7.44,0.63,50.24,44.45,MAP_12_61_0,82.36
cucumber,transplant_0_14_days,59.14,26.56,162.1,5.01,90.86,123.44,0.0,MAP_12_61_0,202.36
cucumber,transplant_0_14_days,177.75,97.24,143.73,5.33,0.0,52.76,6.27,MAP_12_61_0,86.49
cucumber,transplant_0_14_days,23.72,64.48,141.92,6.77,126.28,85.52,8.08,UREA_46_0_0,274.51
cucumber,transplant_0_14_days,31.36,9.43,133.51,6.58,118.64,140.57,16.49,MAP_12_61_0,230.44
cucumber,35_days_to_end,32.41,134.48,291.08,6.78,392.59,115.52,378.92,NPK_20_20_20,1962.93
cucumber,14_35_days,151.15,170.17,20.82,7.35,98.85,0.0,379.18,KNO3_13_0_46,824.31
cucumber,35_days_to_end,265.94,137.41,775.08,5.18,159.06,112.59,0.0,UREA_46_0_0,345.78
cucumber,14_35_days,254.19,76.73,51.82,7.14,0.0,73.27,348.18,KNO3_13_0_46,756.91
cucumber,14_35_days,22.05,14.54,291.98,5.2,227.95,135.46,108.02,NPK_20_20_20,1139.76
cucumber,14_35_days,187.3,105.37,341.83,6.14,62.7,44.63,58.17,NPK_20_20_20,313.52
cucumber,35_days_to_end,270.58,136.11,486.76,5.3,154.42,113.89,183.24,NPK_20_20_20,916.18
cucumber,35_days_to_end,58.35,196.41,705.68,6.65,366.65,53.59,0.0,UREA_46_0_0,797.06
cucumber,transplant_0_14_days,77.41,159.86,74.49,7.48,72.59,0.0,75.51,KNO3_13_0_46,164.16
cucumber,14_35_days,124.8,17.12,204.85,7.0,125.2,132.88,195.15,NPK_20_20_20,975.77
cucumber,14_35_days,286.08,123.63,227.65,5.27,0.0,26.37,172.35,KNO3_13_0_46,374.68
cucumber,transplant_0_14_days,16.78,17.38,132.98,7.44,133.22,132.62,17.02,NPK_20_20_20,666.09
cucumber,35_days_to_end,30.59,286.99,451.59,7.01,394.41,0.0,218.41,UREA_46_0_0,857.41
cucumber,14_35_days,106.08,119.76,360.14,7.6,143.92,30.24,39.86,UREA_46_0_0,312.87
cucumber,35_days_to_end,26.24,86.29,251.21,5.31,398.76,163.71,418.79,NPK_20_20_20,2093.96
cucumber,35_days_to_end,108.5,197.02,180.29,5.32,316.5,52.98,489.71,KNO3_13_0_46,1064.58
cucumber,35_days_to_end,187.46,228.78,461.58,7.42,237.54,21.22,208.42,UREA_46_0_0,516.4
cucumber,35_days_to_end,497.02,245.53,493.31,6.93,0.0,4.47,176.69,KNO3_13_0_46,384.1
cucumber,transplant_0_14_days,109.62,118.41,124.82,5.09,40.38,31.59,25.18,NPK_20_20_20,201.9
cucumber,14_35_days,210.81,55.62,163.12,5.02,39.19,94.38,236.88,KNO3_13_0_46,514.97
cucumber,transplant_0_14_days,101.94,72.14,25.54,6.9,48.06,77.86,124.46,NPK_20_20_20,622.31
cucumber,transplant_0_14_days,16.52,95.49,67.71,6.36,133.48,54.51,82.29,NPK_20_20_20,667.42
cucumber,transplant_0_14_days,66.61,129.89,139.83,6.7,83.39,20.11,10.17,UREA_46_0_0,181.28
cucumber,transplant_0_14_days,159.0,28.0,135.8,5.15,0.0,122.0,14.2,MAP_12_61_0,199.99
cucumber,transplant_0_14_days,48.98,119.15,87.42,6.33,101.02,30.85,62.58,UREA_46_0_0,219.61
cucumber,14_35_days,64.67,92.22,165.68,5.33,185.33,57.78,234.32,NPK_20_20_20,1171.59
cucumber,35_days_to_end,346.03,145.99,536.37,5.14,78.97,104.01,133.63,NPK_20_20_20,668.13
cucumber,14_35_days,295.33,9.86,98.12,7.84,0.0,140.14,301.88,KNO3_13_0_46,656.25
cucumber,transplant_0_14_days,137.55,52.1,21.6,6.49,12.45,97.9,128.4,KNO3_13_0_46,279.14
cucumber,14_35_days,52.71,68.44,337.76,6.5,197.29,81.56,62.24,UREA_46_0_0,428.89
cucumber,35_days_to_end,411.16,21.62,692.86,5.13,13.84,228.38,0.0,MAP_12_61_0,374.39
cucumber,transplant_0_14_days,82.76,14.02,56.35,6.29,67.24,135.98,93.65,NPK_20_20_20,679.92
cucumber,14_35_days,212.85,75.18,55.28,5.06,37.15,74.82,344.72,KNO3_13_0_46,749.38
cucumber,14_35_days,51.56,170.57,220.85,7.07,198.44,0.0,179.15,UREA_46_0_0,431.39
cucumber,14_35_days,26.44,152.01,116.79,6.77,223.56,0.0,283.21,KNO3_13_0_46,615.67
cucumber,35_days_to_end,40.11,261.16,599.63,5.66,384.89,0.0,70.37,UREA_46_0_0,836.72
cucumber,transplant_0_14_days,13.75,113.98,95.51,5.58,136.25,36.02,54.49,UREA_46_0_0,296.2
cucumber,14_35_days,105.33,172.48,309.81,5.44,144.67,0.0,90.19,UREA_46_0_0,314.5
cucumber,transplant_0_14_days,26.36,35.51,108.43,7.28,123.64,114.49,41.57,NPK_20_20_20,618.2
cucumber,35_days_to_end,38.43,285.39,504.87,6.39,386.57,0.0,165.13,UREA_46_0_0,840.37
cucumber,35_days_to_end,387.54,134.67,743.02,6.69,37.46,115.33,0.0,MAP_12_61_0,189.06
cucumber,35_days_to_end,503.13,96.96,780.66,5.95,0.0,153.04,0.0,MAP_12_61_0,250.88
cucumber,14_35_days,20.49,79.6,145.35,5.82,229.51,70.4,254.65,NPK_20_20_20,1273.23
cucumber,transplant_0_14_days,63.35,13.35,83.11,5.11,86.65,136.65,66.89,NPK_20_20_20,683.23
cucumber,14_35_days,249.51,13.81,414.84,7.57,0.49,136.19,0.0,MAP_12_61_0,223.26
cucumber,35_days_to_end,302.98,115.34,466.58,7.86,122.02,134.66,203.42,NPK_20_20_20,1017.08
cucumber,35_days_to_end,456.9,134.92,651.09,6.96,0.0,115.08,18.91,MAP_12_61_0,188.66
cucumber,14_35_days,181.5,90.25,459.71,6.35,68.5,59.75,0.0,UREA_46_0_0,148.91
cucumber,14_35_days,294.72,15.18,310.14,5.12,0.0,134.82,89.86,MAP_12_61_0,221.02
cucumber,35_days_to_end,223.26,131.83,420.29,5.48,201.74,118.17,249.71,NPK_20_20_20,1248.55
cucumber,14_35_days,275.38,69.73,371.74,7.04,0.0,80.27,28.26,MAP_12_61_0,131.58
cucumber,transplant_0_14_days,142.06,116.51,11.86,5.28,7.94,33.49,138.14,KNO3_13_0_46,300.3
cucumber,35_days_to_end,197.15,75.6,684.66,7.89,227.85,174.4,0.0,UREA_46_0_0,495.33
cucumber,35_days_to_end,445.37,100.01,468.52,5.42,0.0,149.99,201.48,KNO3_13_0_46,437.99
cucumber,14_35_days,93.07,118.09,317.82,5.39,156.93,31.91,82.18,UREA_46_0_0,341.15
cucumber,35_days_to_end,478.38,92.87,302.85,7.37,0.0,157.13,367.15,KNO3_13_0_46,798.15
cucumber,transplant_0_14_days,120.62,149.21,132.98,7.06,29.38,0.79,17.02,UREA_46_0_0,63.87
cucumber,35_days_to_end,47.66,201.14,408.82,5.05,377.34,48.86,261.18,UREA_46_0_0,820.3
cucumber,14_35_days,54.08,38.55,454.88,6.46,195.92,111.45,0.0,UREA_46_0_0,425.92
cucumber,transplant_0_14_days,180.0,27.89,53.24,7.36,0.0,122.11,96.76,MAP_12_61_0,200.18
cucumber,35_days_to_end,393.15,250.54,710.48,5.11,31.85,0.0,0.0,UREA_46_0_0,69.25
cucumber,14_35_days,262.92,111.25,286.68,5.46,0.0,38.75,113.32,KNO3_13_0_46,246.35
cucumber,transplant_0_14_days,149.64,138.8,145.63,5.5,0.36,11.2,4.37,MAP_12_61_0,18.36
cucumber,14_35_days,13.11,65.57,345.4,7.91,236.89,84.43,54.6,UREA_46_0_0,514.98
cucumber,35_days_to_end,145.31,224.56,360.94,6.6,279.69,25.44,309.06,KNO3_13_0_46,671.87
cucumber,14_35_days,289.68,141.19,433.91,5.58,0.0,8.81,0.0,MAP_12_61_0,14.45
cucumber,35_days_to_end,483.04,295.33,371.19,5.85,0.0,0.0,298.81,KNO3_13_0_46,649.59
cucumber,14_35_days,150.87,75.36,77.79,5.6,99.13,74.64,322.21,KNO3_13_0_46,700.46
cucumber,35_days_to_end,70.58,75.0,515.51,7.62,354.42,175.0,154.49,UREA_46_0_0,770.47
cucumber,35_days_to_end,476.49,213.42,414.79,5.37,0.0,36.58,255.21,KNO3_13_0_46,554.8
cucumber,transplant_0_14_days,137.36,49.1,162.96,5.44,12.64,100.9,0.0,MAP_12_61_0,165.41
cucumber,14_35_days,27.51,163.89,392.02,7.65,222.49,0.0,7.98,UREA_46_0_0,483.67
cucumber,transplant_0_14_days,74.68,71.36,67.31,6.16,75.32,78.64,82.69,NPK_20_20_20,413.43
cucumber,transplant_0_14_days,67.48,5.07,167.55,7.52,82.52,144.93,0.0,MAP_12_61_0,237.58
cucumber,35_days_to_end,171.0,43.81,30.8,7.75,254.0,206.19,639.2,KNO3_13_0_46,1389.57
cucumber,14_35_days,208.82,24.98,338.66,6.35,41.18,125.02,61.34,MAP_12_61_0,204.95
cucumber,transplant_0_14_days,163.05,3.42,38.82,5.45,0.0,146.58,111.18,MAP_12_61_0,240.29
cucumber,35_days_to_end,310.53,126.98,624.04,5.71,114.47,123.02,45.96,NPK_20_20_20,615.12
cucumber,transplant_0_14_days,8.59,75.57,142.9,6.37,141.41,74.43,7.1,UREA_46_0_0,307.4
cucumber,transplant_0_14_days,150.6,89.97,96.49,6.9,0.0,60.03,53.51,MAP_12_61_0,98.41
cucumber,35_days_to_end,123.39,43.07,345.11,6.84,301.61,206.93,324.89,NPK_20_20_20,1624.46
cucumber,transplant_0_14_days,102.72,33.72,120.28,6.57,47.28,116.28,29.72,MAP_12_61_0,190.63
cucumber,14_35_days,20.3,94.69,243.52,7.96,229.7,55.31,156.48,UREA_46_0_0,499.34
cucumber,35_days_to_end,10.37,262.0,35.0,6.16,414.63,0.0,635.0,KNO3_13_0_46,1380.43
cucumber,14_35_days,76.1,2.92,378.49,6.03,173.9,147.08,21.51,UREA_46_0_0,378.05
cucumber,35_days_to_end,335.12,31.1,467.85,7.27,89.88,218.9,202.15,NPK_20_20_20,1094.5
cucumber,transplant_0_14_days,7.98,98.28,146.43,5.53,142.02,51.72,3.57,UREA_46_0_0,308.74
cucumber,35_days_to_end,236.96,208.62,507.92,7.43,188.04,41.38,162.08,NPK_20_20_20,940.21
cucumber,transplant_0_14_days,128.89,169.85,6.66,5.6,21.11,0.0,143.34,KNO3_13_0_46,311.62
cucumber,transplant_0_14_days,159.44,56.81,55.81,6.19,0.0,93.19,94.19,KNO3_13_0_46,204.75
cucumber,35_days_to_end,241.43,10.99,520.11,5.86,183.57,239.01,149.89,NPK_20_20_20,1195.07
cucumber,transplant_0_14_days,155.84,59.75,22.41,6.1,0.0,90.25,127.59,KNO3_13_0_46,277.38
cucumber,14_35_days,222.99,161.03,185.59,7.92,27.01,0.0,214.41,KNO3_13_0_46,466.11
cucumber,14_35_days,207.62,66.12,382.7,5.8,42.38,83.88,17.3,MAP_12_61_0,137.5
cucumber,transplant_0_14_days,130.87,14.21,108.44,7.47,19.13,135.79,41.56,MAP_12_61_0,222.61
cucumber,35_days_to_end,149.82,30.78,263.65,5.89,275.18,219.22,406.35,NPK_20_20_20,2031.76
cucumber,14_35_days,180.79,76.7,331.09,6.05,69.21,73.3,68.91,NPK_20_20_20,366.5
cucumber,transplant_0_14_days,130.83,164.09,110.67,6.3,19.17,0.0,39.33,KNO3_13_0_46,85.49
cucumber,35_days_to_end,499.81,284.37,60.33,6.91,0.0,0.0,609.67,KNO3_13_0_46,1325.36
cucumber,14_35_days,153.93,134.98,76.79,5.09,96.07,15.02,323.21,KNO3_13_0_46,702.62
cucumber,35_days_to_end,345.83,131.45,101.49,5.71,79.17,118.55,568.51,KNO3_13_0_46,1235.89
cucumber,35_days_to_end,186.83,114.86,456.06,6.82,238.17,135.14,213.94,NPK_20_20_20,1190.86
cucumber,35_days_to_end,229.46,111.29,356.93,5.23,195.54,138.71,313.07,NPK_20_20_20,1565.36
cucumber,transplant_0_14_days,95.3,71.65,116.92,5.75,54.7,78.35,33.08,NPK_20_20_20,391.77
cucumber,transplant_0_14_days,4.66,33.49,93.19,7.74,145.34,116.51,56.81,NPK_20_20_20,726.68
cucumber,transplant_0_14_days,47.12,46.85,80.33,7.99,102.88,103.15,69.67,NPK_20_20_20,515.74
cucumber,14_35_days,208.19,179.75,96.09,5.41,41.81,0.0,303.91,KNO3_13_0_46,660.68
cucumber,transplant_0_14_days,81.37,161.76,80.12,5.26,68.63,0.0,69.88,KNO3_13_0_46,151.91
cucumber,35_days_to_end,493.46,295.97,536.94,7.13,0.0,0.0,133.06,KNO3_13_0_46,289.25
cucumber,35_days_to_end,276.51,267.4,684.5,7.14,148.49,0.0,0.0,UREA_46_0_0,322.81
cucumber,35_days_to_end,325.23,238.11,409.04,5.36,99.77,11.89,260.96,KNO3_13_0_46,567.31
cucumber,transplant_0_14_days,142.57,42.61,88.92,6.08,7.43,107.39,61.08,MAP_12_61_0,176.05
cucumber,35_days_to_end,188.14,241.1,443.52,6.84,236.86,8.9,226.48,UREA_46_0_0,514.9
cucumber,transplant_0_14_days,11.83,71.67,129.05,6.44,138.17,78.33,20.95,UREA_46_0_0,300.36
cucumber,14_35_days,230.75,148.2,35.4,7.92,19.25,1.8,364.6,KNO3_13_0_46,792.61
cucumber,35_days_to_end,37.82,139.75,415.96,5.39,387.18,110.25,254.04,UREA_46_0_0,841.69
cucumber,35_days_to_end,326.29,54.59,776.88,6.3,98.71,195.41,0.0,MAP_12_61_0,320.35
cucumber,transplant_0_14_days,149.65,93.26,54.74,5.49,0.35,56.74,95.26,KNO3_13_0_46,207.08
cucumber,35_days_to_end,114.99,284.24,417.19,5.85,310.01,0.0,252.81,UREA_46_0_0,673.94
cucumber,transplant_0_14_days,45.11,114.31,99.15,5.38,104.89,35.69,50.85,UREA_46_0_0,228.02
cucumber,14_35_days,184.33,16.82,307.67,6.78,65.67,133.18,92.33,NPK_20_20_20,665.91
cucumber,35_days_to_end,78.64,197.62,579.39,6.82,346.36,52.38,90.61,UREA_46_0_0,752.96
cucumber,35_days_to_end,21.01,259.13,65.3,7.85,403.99,0.0,604.7,KNO3_13_0_46,1314.56
cucumber,35_days_to_end,134.97,63.24,460.0,6.85,290.03,186.76,210.0,NPK_20_20_20,1450.13
cucumber,transplant_0_14_days,89.65,112.89,52.14,7.87,60.35,37.11,97.86,KNO3_13_0_46,212.74
cucumber,14_35_days,73.46,145.32,194.92,6.36,176.54,4.68,205.08,KNO3_13_0_46,445.82
cucumber,35_days_to_end,30.56,131.88,389.34,5.61,394.44,118.12,280.66,NPK_20_20_20,1972.22
cucumber,35_days_to_end,73.27,258.45,256.73,7.96,351.73,0.0,413.27,KNO3_13_0_46,898.41
cucumber,14_35_days,292.61,23.54,177.86,6.68,0.0,126.46,222.14,KNO3_13_0_46,482.91
cucumber,14_35_days,72.52,22.05,215.81,5.42,177.48,127.95,184.19,NPK_20_20_20,920.97
cucumber,transplant_0_14_days,52.24,69.15,110.77,5.74,97.76,80.85,39.23,NPK_20_20_20,488.81
cucumber,transplant_0_14_days,146.43,168.08,129.8,5.57,3.57,0.0,20.2,KNO3_13_0_46,43.91
cucumber,transplant_0_14_days,89.69,92.65,89.78,5.93,60.31,57.35,60.22,NPK_20_20_20,301.56
cucumber,transplant_0_14_days,16.21,70.78,82.3,5.72,133.79,79.22,67.7,NPK_20_20_20,668.96
cucumber,35_days_to_end,179.98,15.16,397.89,7.65,245.02,234.84,272.11,NPK_20_20_20,1360.53
cucumber,35_days_to_end,342.99,85.72,6.57,5.32,82.01,164.28,663.43,KNO3_13_0_46,1442.23
cucumber,transplant_0_14_days,158.84,130.95,137.49,6.1,0.0,19.05,12.51,MAP_12_61_0,31.23
cucumber,14_35_days,15.35,101.13,174.01,5.87,234.65,48.87,225.99,NPK_20_20_20,1173.26
cucumber,14_35_days,151.28,137.59,134.27,7.97,98.72,12.41,265.73,KNO3_13_0_46,577.68
cucumber,35_days_to_end,311.63,38.6,77.73,6.12,113.37,211.4,592.27,KNO3_13_0_46,1287.54
cucumber,14_35_days,167.35,65.81,69.25,6.81,82.65,84.19,330.75,KNO3_13_0_46,719.03
cucumber,14_35_days,150.02,8.15,65.78,6.0,99.98,141.85,334.22,KNO3_13_0_46,726.57
cucumber,14_35_days,155.8,26.81,428.7,5.42,94.2,123.19,0.0,MAP_12_61_0,201.95
cucumber,35_days_to_end,162.45,117.89,495.67,7.53,262.55,132.11,174.33,NPK_20_20_20,1312.75
cucumber,35_days_to_end,171.55,248.49,428.0,7.13,253.45,1.51,242.0,UREA_46_0_0,550.98
cucumber,14_35_days,142.47,2.99,159.0,5.33,107.53,147.01,241.0,NPK_20_20_20,1205.02
cucumber,14_35_days,175.11,143.42,348.16,7.06,74.89,6.58,51.84,UREA_46_0_0,162.8
cucumber,transplant_0_14_days,107.44,47.8,118.01,7.92,42.56,102.2,31.99,MAP_12_61_0,167.55
cucumber,35_days_to_end,294.59,216.42,469.15,5.51,130.41,33.58,200.85,KNO3_13_0_46,436.62
cucumber,35_days_to_end,367.8,232.38,305.67,7.46,57.2,17.62,364.33,KNO3_13_0_46,792.02
cucumber,transplant_0_14_days,5.68,170.68,19.78,5.06,144.32,0.0,130.22,UREA_46_0_0,313.73
cucumber,14_35_days,125.63,74.33,97.87,6.51,124.37,75.67,302.13,KNO3_13_0_46,656.81
cucumber,35_days_to_end,469.47,261.85,591.61,5.19,0.0,0.0,78.39,KNO3_13_0_46,170.41
cucumber,transplant_0_14_days,93.36,100.96,179.66,6.44,56.64,49.04,0.0,UREA_46_0_0,123.12
cucumber,14_35_days,94.13,31.17,437.82,6.03,155.87,118.83,0.0,UREA_46_0_0,338.86
cucumber,14_35_days,202.76,156.18,326.76,7.41,47.24,0.0,73.24,KNO3_13_0_46,159.22
cucumber,14_35_days,183.02,34.61,118.33,6.67,66.98,115.39,281.67,KNO3_13_0_46,612.33
cucumber,transplant_0_14_days,169.47,176.81,138.81,7.11,0.0,0.0,11.19,KNO3_13_0_46,24.32
cucumber,35_days_to_end,359.54,95.11,280.44,7.8,65.46,154.89,389.56,KNO3_13_0_46,846.87
cucumber,35_days_to_end,139.46,36.56,544.0,6.14,285.54,213.44,126.0,NPK_20_20_20,1427.68
cucumber,14_35_days,245.51,171.83,386.22,5.87,4.49,0.0,13.78,KNO3_13_0_46,29.97
cucumber,14_35_days,286.59,14.23,443.52,6.97,0.0,135.77,0.0,MAP_12_61_0,222.58
cucumber,35_days_to_end,244.33,60.62,433.02,7.8,180.67,189.38,236.98,NPK_20_20_20,1184.92
cucumber,35_days_to_end,138.53,32.77,595.68,5.72,286.47,217.23,74.32,NPK_20_20_20,1432.37
cucumber,transplant_0_14_days,120.57,95.59,114.83,5.16,29.43,54.41,35.17,NPK_20_20_20,272.06
cucumber,14_35_days,99.09,85.03,326.97,5.41,150.91,64.97,73.03,UREA_46_0_0,328.07
cucumber,35_days_to_end,498.73,47.38,524.93,7.64,0.0,202.62,145.07,MAP_12_61_0,332.16
cucumber,14_35_days,143.23,35.9,462.68,5.96,106.77,114.1,0.0,MAP_12_61_0,187.05
cucumber,35_days_to_end,30.17,230.62,524.45,5.7,394.83,19.38,145.55,UREA_46_0_0,858.32
cucumber,35_days_to_end,368.79,281.0,734.24,5.53,56.21,0.0,0.0,UREA_46_0_0,122.2
cucumber,transplant_0_14_days,168.11,6.54,150.52,7.36,0.0,143.46,0.0,MAP_12_61_0,235.18
cucumber,transplant_0_14_days,168.59,173.18,166.69,7.63,0.0,0.0,0.0,NPK_20_20_20,0.0
cucumber,transplant_0_14_days,53.71,108.5,167.12,6.01,96.29,41.5,0.0,UREA_46_0_0,209.32
cucumber,14_35_days,296.73,97.79,237.08,7.82,0.0,52.21,162.92,KNO3_13_0_46,354.18
cucumber,35_days_to_end,238.69,57.84,90.57,5.49,186.31,192.16,579.43,KNO3_13_0_46,1259.63
cucumber,14_35_days,194.49,129.35,6.76,6.01,55.51,20.65,393.24,KNO3_13_0_46,854.87
tomato,flowering_cluster_4_6,289.57,227.18,141.1,7.57,135.43,22.82,528.9,KNO3_13_0_46,1149.79
tomato,fruit_development,555.74,204.05,93.68,7.01,4.26,125.95,806.32,KNO3_13_0_46,1752.88
tomato,flowering_cluster_1_3,412.31,114.59,606.41,5.02,0.0,85.41,0.0,MAP_12_61_0,140.02
tomato,fruit_development,158.27,298.49,1030.36,5.91,401.73,31.51,0.0,UREA_46_0_0,873.33
tomato,transplant_to_flowering,47.08,64.72,42.53,7.0,102.92,85.28,107.47,NPK_20_20_20,537.33
tomato,fruit_development,206.17,160.54,542.72,7.69,353.83,169.46,357.28,NPK_20_20_20,1786.39
tomato,flowering_cluster_4_6,352.05,191.61,756.27,6.1,72.95,58.39,0.0,UREA_46_0_0,158.59
tomato,flowering_cluster_1_3,92.03,32.06,99.26,7.24,257.97,167.94,440.74,KNO3_13_0_46,958.12
tomato,flowering_cluster_4_6,212.08,164.77,378.55,6.61,212.92,85.23,291.45,NPK_20_20_20,1457.27
tomato,flowering_cluster_1_3,319.98,163.28,386.09,7.36,30.02,36.72,153.91,KNO3_13_0_46,334.59
tomato,fruit_development,354.93,143.27,990.62,5.34,205.07,186.73,0.0,UREA_46_0_0,445.8
tomato,flowering_cluster_1_3,240.53,35.96,212.62,6.56,109.47,164.04,327.38,KNO3_13_0_46,711.7
tomato,transplant_to_flowering,122.45,129.05,87.99,7.7,27.55,20.95,62.01,KNO3_13_0_46,134.81
tomato,fruit_development,543.44,179.56,554.31,6.37,16.56,150.44,345.69,KNO3_13_0_46,751.51
tomato,transplant_to_flowering,100.58,121.1,55.47,5.07,49.42,28.9,94.53,KNO3_13_0_46,205.5
tomato,flowering_cluster_4_6,416.39,223.74,464.96,5.14,8.61,26.26,205.04,KNO3_13_0_46,445.73
tomato,flowering_cluster_4_6,357.2,162.35,48.45,7.68,67.8,87.65,621.55,KNO3_13_0_46,1351.21
tomato,fruit_development,21.33,161.91,830.49,7.3,538.67,168.09,69.51,UREA_46_0_0,1171.03
tomato,fruit_development,251.64,352.97,484.42,7.75,308.36,0.0,415.58,KNO3_13_0_46,903.43
tomato,fruit_development,252.43,270.36,714.74,6.62,307.57,59.64,185.26,UREA_46_0_0,668.62
tomato,flowering_cluster_4_6,60.5,297.85,316.02,5.38,364.5,0.0,353.98,UREA_46_0_0,792.38
tomato,flowering_cluster_1_3,350.63,181.48,634.06,6.39,0.0,18.52,0.0,MAP_12_61_0,30.36
tomato,fruit_development,357.46,326.05,267.31,6.04,202.54,3.95,632.69,KNO3_13_0_46,1375.41
tomato,flowering_cluster_4_6,96.13,262.56,615.45,5.1,328.87,0.0,54.55,UREA_46_0_0,714.95
tomato,fruit_development,413.23,370.75,960.16,5.72,146.77,0.0,0.0,UREA_46_0_0,319.07
tomato,transplant_to_flowering,18.16,6.04,107.6,7.11,131.84,143.96,42.4,NPK_20_20_20,719.78
tomato,transplant_to_flowering,44.05,7.96,79.01,6.62,105.95,142.04,70.99,NPK_20_20_20,710.19
tomato,transplant_to_flowering,25.22,178.83,42.15,7.75,124.78,0.0,107.85,UREA_46_0_0,271.25
tomato,flowering_cluster_4_6,294.51,231.76,657.98,5.71,130.49,18.24,12.02,UREA_46_0_0,283.67
tomato,flowering_cluster_1_3,413.99,125.1,267.99,5.83,0.0,74.9,272.01,KNO3_13_0_46,591.33
tomato,flowering_cluster_1_3,262.92,102.53,321.16,7.92,87.08,97.47,218.84,KNO3_13_0_46,475.73
tomato,fruit_development,528.06,126.22,449.63,5.45,31.94,203.78,450.37,KNO3_13_0_46,979.06
tomato,fruit_development,123.57,213.02,260.25,5.68,436.43,116.98,639.75,KNO3_13_0_46,1390.77
tomato,flowering_cluster_1_3,338.43,219.54,364.43,7.9,11.57,0.0,175.57,KNO3_13_0_46,381.68
tomato,flowering_cluster_1_3,163.14,61.2,214.01,5.24,186.86,138.8,325.99,KNO3_13_0_46,708.67
tomato,fruit_development,569.27,36.62,782.55,5.57,0.0,293.38,117.45,MAP_12_61_0,480.96
tomato,flowering_cluster_4_6,192.36,181.49,31.8,5.22,232.64,68.51,638.2,KNO3_13_0_46,1387.4
tomato,flowering_cluster_1_3,201.35,208.67,215.76,7.87,148.65,0.0,324.24,KNO3_13_0_46,704.87
tomato,transplant_to_flowering,38.13,34.2,133.47,7.24,111.87,115.8,16.53,NPK_20_20_20,578.98
tomato,fruit_development,614.5,275.47,760.07,6.19,0.0,54.53,139.93,KNO3_13_0_46,304.2
tomato,flowering_cluster_1_3,231.87,186.12,246.67,6.6,118.13,13.88,293.33,KNO3_13_0_46,637.68
tomato,flowering_cluster_4_6,157.3,107.89,709.78,6.4,267.7,142.11,0.0,UREA_46_0_0,581.97
tomato,fruit_development,511.81,126.81,219.38,5.94,48.19,203.19,680.62,KNO3_13_0_46,1479.61
tomato,transplant_to_flowering,101.25,39.83,26.27,5.78,48.75,110.17,123.73,NPK_20_20_20,618.67
tomato,fruit_development,198.37,77.69,248.42,6.71,361.63,252.31,651.58,KNO3_13_0_46,1416.48
tomato,flowering_cluster_1_3,209.71,157.11,443.78,5.77,140.29,42.89,96.22,UREA_46_0_0,304.99
tomato,fruit_development,649.49,254.11,529.84,5.5,0.0,75.89,370.16,KNO3_13_0_46,804.69
tomato,flowering_cluster_4_6,86.33,216.09,392.61,7.75,338.67,33.91,277.39,UREA_46_0_0,736.25
tomato,transplant_to_flowering,94.31,151.03,13.38,7.45,55.69,0.0,136.62,KNO3_13_0_46,297.0
tomato,transplant_to_flowering,137.58,74.23,151.66,5.69,12.42,75.77,0.0,MAP_12_61_0,124.21
tomato,flowering_cluster_1_3,3.84,121.38,241.83,6.85,346.16,78.62,298.17,NPK_20_20_20,1730.8
tomato,fruit_development,443.04,6.23,574.79,6.23,116.96,323.77,325.21,NPK_20_20_20,1626.05
tomato,transplant_to_flowering,95.3,49.45,175.95,5.05,54.7,100.55,0.0,MAP_12_61_0,164.83
tomato,fruit_development,541.74,360.27,115.58,5.29,18.26,0.0,784.42,KNO3_13_0_46,1705.27
tomato,flowering_cluster_1_3,101.21,148.75,163.57,6.06,248.79,51.25,376.43,KNO3_13_0_46,818.33
tomato,fruit_development,53.1,379.88,495.72,5.73,506.9,0.0,404.28,UREA_46_0_0,1101.95
tomato,flowering_cluster_1_3,125.99,198.73,52.24,7.98,224.01,1.27,487.76,KNO3_13_0_46,1060.35
tomato,transplant_to_flowering,16.83,68.27,99.49,5.17,133.17,81.73,50.51,UREA_46_0_0,289.5
tomato,transplant_to_flowering,126.51,14.88,152.16,6.93,23.49,135.12,0.0,MAP_12_61_0,221.5
tomato,flowering_cluster_4_6,288.59,257.39,76.67,6.58,136.41,0.0,593.33,KNO3_13_0_46,1289.85
tomato,transplant_to_flowering,41.36,162.23,124.61,6.7,108.64,0.0,25.39,UREA_46_0_0,236.18
tomato,flowering_cluster_4_6,23.75,22.3,744.17,7.7,401.25,227.7,0.0,UREA_46_0_0,872.29
tomato,transplant_to_flowering,32.28,153.08,2.82,5.62,117.72,0.0,147.18,KNO3_13_0_46,319.96
tomato,flowering_cluster_1_3,315.95,171.05,258.1,5.23,34.05,28.95,281.9,KNO3_13_0_46,612.84
tomato,flowering_cluster_1_3,236.86,136.01,550.44,7.03,113.14,63.99,0.0,UREA_46_0_0,245.95
tomato,flowering_cluster_4_6,195.76,221.92,635.56,7.07,229.24,28.08,34.44,UREA_46_0_0,498.34
tomato,transplant_to_flowering,90.14,175.38,9.67,6.31,59.86,0.0,140.33,KNO3_13_0_46,305.08
tomato,transplant_to_flowering,61.31,138.42,171.87,6.19,88.69,11.58,0.0,UREA_46_0_0,192.81
tomato,flowering_cluster_4_6,15.11,82.0,798.04,6.47,409.89,168.0,0.0,UREA_46_0_0,891.07
tomato,flowering_cluster_4_6,282.05,112.63,149.33,6.76,142.95,137.37,520.67,KNO3_13_0_46,1131.88
tomato,fruit_development,57.59,244.97,861.9,7.14,502.41,85.03,38.1,UREA_46_0_0,1092.2
tomato,transplant_to_flowering,48.23,68.4,141.1,5.46,101.77,81.6,8.9,UREA_46_0_0,221.23
tomato,fruit_development,212.81,42.19,5.61,5.92,347.19,287.81,894.39,KNO3_13_0_46,1944.32
tomato,flowering_cluster_4_6,388.29,30.67,70.19,6.29,36.71,219.33,599.81,KNO3_13_0_46,1303.94
tomato,fruit_development,69.41,35.49,598.56,6.79,490.59,294.51,301.44,NPK_20_20_20,2452.94
tomato,flowering_cluster_4_6,440.5,3.7,332.7,7.34,0.0,246.3,337.3,KNO3_13_0_46,733.25
tomato,flowering_cluster_1_3,240.22,40.7,246.71,5.42,109.78,159.3,293.29,KNO3_13_0_46,637.58
tomato,flowering_cluster_4_6,136.89,43.78,134.43,5.83,288.11,206.22,535.57,KNO3_13_0_46,1164.27
tomato,flowering_cluster_4_6,246.96,23.08,202.37,5.74,178.04,226.92,467.63,KNO3_13_0_46,1016.59
tomato,fruit_development,399.04,77.44,115.53,5.91,160.96,252.56,784.47,KNO3_13_0_46,1705.37
tomato,fruit_development,223.25,245.6,868.4,5.99,336.75,84.4,31.6,UREA_46_0_0,732.07
tomato,flowering_cluster_4_6,219.61,247.06,523.43,6.78,205.39,2.94,146.57,UREA_46_0_0,446.49
tomato,flowering_cluster_4_6,163.54,284.18,161.48,5.94,261.46,0.0,508.52,KNO3_13_0_46,1105.47
tomato,fruit_development,650.98,115.41,750.55,6.47,0.0,214.59,149.45,MAP_12_61_0,351.78
tomato,flowering_cluster_1_3,136.87,67.27,509.24,6.1,213.13,132.73,30.76,UREA_46_0_0,463.32
tomato,flowering_cluster_1_3,248.74,130.95,441.75,6.65,101.26,69.05,98.25,NPK_20_20_20,506.32
tomato,fruit_development,633.68,83.02,861.5,7.49,0.0,246.98,38.5,MAP_12_61_0,404.88
tomato,transplant_to_flowering,147.41,143.22,73.65,6.5,2.59,6.78,76.35,KNO3_13_0_46,165.99
tomato,flowering_cluster_4_6,123.43,197.6,575.05,7.37,301.57,52.4,94.95,UREA_46_0_0,655.59
tomato,transplant_to_flowering,80.83,107.63,104.8,6.6,69.17,42.37,45.2,NPK_20_20_20,345.84
tomato,fruit_development,365.33,313.13,388.29,7.69,194.67,16.87,511.71,KNO3_13_0_46,1112.41
tomato,transplant_to_flowering,19.69,44.68,119.64,5.5,130.31,105.32,30.36,NPK_20_20_20,651.57
tomato,transplant_to_flowering,101.38,116.11,116.41,7.9,48.62,33.89,33.59,NPK_20_20_20,243.1
tomato,flowering_cluster_4_6,492.52,129.14,8.48,5.78,0.0,120.86,661.52,KNO3_13_0_46,1438.09
tomato,flowering_cluster_1_3,187.23,93.87,500.48,6.77,162.77,106.13,39.52,UREA_46_0_0,353.85
tomato,flowering_cluster_1_3,144.89,5.9,67.75,6.25,205.11,194.1,472.25,KNO3_13_0_46,1026.63
tomato,transplant_to_flowering,20.89,169.32,25.5,5.94,129.11,0.0,124.5,UREA_46_0_0,280.67
tomato,fruit_development,527.03,206.36,376.16,5.29,32.97,123.64,523.84,KNO3_13_0_46,1138.77
tomato,fruit_development,214.31,118.9,875.0,5.35,345.69,211.1,25.0,UREA_46_0_0,751.51
tomato,flowering_cluster_4_6,330.46,203.14,132.14,7.95,94.54,46.86,537.86,KNO3_13_0_46,1169.26
tomato,flowering_cluster_1_3,216.72,132.46,214.48,6.28,133.28,67.54,325.52,KNO3_13_0_46,707.65
tomato,fruit_development,155.81,160.4,199.21,6.92,404.19,169.6,700.79,KNO3_13_0_46,1523.46
tomato,fruit_development,265.83,292.01,953.75,6.35,294.17,37.99,0.0,UREA_46_0_0,639.5
tomato,fruit_development,261.3,279.08,222.25,7.26,298.7,50.92,677.75,KNO3_13_0_46,1473.38
tomato,transplant_to_flowering,103.92,143.91,96.64,6.1,46.08,6.09,53.36,KNO3_13_0_46,116.0
tomato,flowering_cluster_1_3,192.17,62.96,558.99,6.58,157.83,137.04,0.0,UREA_46_0_0,343.11
tomato,flowering_cluster_4_6,304.46,183.39,471.95,6.04,120.54,66.61,198.05,KNO3_13_0_46,430.54
tomato,fruit_development,414.87,322.24,762.47,5.89,145.13,7.76,137.53,NPK_20_20_20,725.66
tomato,transplant_to_flowering,120.98,56.37,42.94,5.35,29.02,93.63,107.06,NPK_20_20_20,535.28
tomato,flowering_cluster_4_6,353.65,153.25,336.26,5.41,71.35,96.75,333.74,KNO3_13_0_46,725.51
tomato,fruit_development,284.28,192.72,580.37,7.76,275.72,137.28,319.63,NPK_20_20_20,1598.15
tomato,flowering_cluster_1_3,233.06,117.51,90.91,5.94,116.94,82.49,449.09,KNO3_13_0_46,976.28
tomato,fruit_development,416.24,342.75,1027.99,6.45,143.76,0.0,0.0,UREA_46_0_0,312.51
tomato,flowering_cluster_1_3,342.39,231.32,327.52,6.48,7.61,0.0,212.48,KNO3_13_0_46,461.9
tomato,fruit_development,279.3,332.6,527.8,5.25,280.7,0.0,372.2,KNO3_13_0_46,809.14
tomato,transplant_to_flowering,143.26,39.7,5.89,5.67,6.74,110.3,144.11,KNO3_13_0_46,313.29
tomato,flowering_cluster_4_6,85.79,137.2,596.98,7.3,339.21,112.8,73.02,UREA_46_0_0,737.42
tomato,transplant_to_flowering,103.09,48.22,97.76,7.97,46.91,101.78,52.24,MAP_12_61_0,166.85
tomato,transplant_to_flowering,136.8,79.45,39.34,6.28,13.2,70.55,110.66,KNO3_13_0_46,240.57
tomato,flowering_cluster_1_3,125.04,239.84,291.43,6.05,224.96,0.0,248.57,KNO3_13_0_46,540.38
tomato,transplant_to_flowering,79.03,178.91,139.61,5.71,70.97,0.0,10.39,UREA_46_0_0,154.28
tomato,flowering_cluster_4_6,439.13,183.08,344.25,6.85,0.0,66.92,325.75,KNO3_13_0_46,708.16
tomato,flowering_cluster_1_3,341.68,193.31,369.41,6.6,8.32,6.69,170.59,KNO3_13_0_46,370.85
tomato,flowering_cluster_1_3,135.93,168.97,187.49,5.8,214.07,31.03,352.51,KNO3_13_0_46,766.33
tomato,transplant_to_flowering,24.41,135.02,74.09,5.18,125.59,14.98,75.91,UREA_46_0_0,273.03
tomato,flowering_cluster_4_6,442.19,38.07,696.33,5.75,0.0,211.93,0.0,MAP_12_61_0,347.43
tomato,flowering_cluster_4_6,422.53,228.44,543.69,6.47,2.47,21.56,126.31,KNO3_13_0_46,274.58
tomato,flowering_cluster_4_6,320.18,112.55,60.72,7.38,104.82,137.45,609.28,KNO3_13_0_46,1324.53
tomato,transplant_to_flowering,72.51,134.96,125.05,7.63,77.49,15.04,24.95,UREA_46_0_0,168.45
tomato,fruit_development,638.57,129.61,2.67,7.32,0.0,200.39,897.33,KNO3_13_0_46,1950.72
tomato,transplant_to_flowering,131.57,82.52,119.55,6.07,18.43,67.48,30.45,MAP_12_61_0,110.62
tomato,transplant_to_flowering,143.22,71.59,174.26,7.47,6.78,78.41,0.0,MAP_12_61_0,128.54
tomato,fruit_development,180.46,328.02,364.78,6.73,379.54,1.98,535.22,KNO3_13_0_46,1163.53
tomato,fruit_development,529.74,354.09,823.23,5.14,30.26,0.0,76.77,KNO3_13_0_46,166.88
tomato,fruit_development,10.94,368.06,170.62,6.37,549.06,0.0,729.38,KNO3_13_0_46,1585.6
tomato,fruit_development,135.96,272.68,142.47,6.95,424.04,57.32,757.53,KNO3_13_0_46,1646.81
tomato,flowering_cluster_1_3,367.26,210.38,60.48,6.08,0.0,0.0,479.52,KNO3_13_0_46,1042.43
tomato,transplant_to_flowering,66.93,162.68,29.79,6.19,83.07,0.0,120.21,KNO3_13_0_46,261.32
tomato,flowering_cluster_4_6,370.25,226.57,345.1,5.27,54.75,23.43,324.9,KNO3_13_0_46,706.3
tomato,transplant_to_flowering,0.2,85.83,23.89,5.68,149.8,64.17,126.11,NPK_20_20_20,749.02
tomato,fruit_development,6.24,275.46,882.48,7.96,553.76,54.54,17.52,UREA_46_0_0,1203.82
tomato,fruit_development,466.39,189.17,247.26,5.27,93.61,140.83,652.74,KNO3_13_0_46,1418.99
tomato,transplant_to_flowering,18.58,66.16,53.87,6.15,131.42,83.84,96.13,NPK_20_20_20,657.12
tomato,flowering_cluster_1_3,269.46,162.51,44.33,6.69,80.54,37.49,495.67,KNO3_13_0_46,1077.54
tomato,flowering_cluster_1_3,184.84,173.38,407.0,5.45,165.16,26.62,133.0,UREA_46_0_0,359.04
tomato,fruit_development,414.0,175.18,234.62,7.69,146.0,154.82,665.38,KNO3_13_0_46,1446.47
tomato,flowering_cluster_1_3,316.03,141.5,248.85,7.89,33.97,58.5,291.15,KNO3_13_0_46,632.93
tomato,flowering_cluster_4_6,403.45,74.34,518.27,5.74,21.55,175.66,151.73,MAP_12_61_0,287.97
tomato,flowering_cluster_4_6,397.27,207.14,681.71,6.98,27.73,42.86,0.0,MAP_12_61_0,70.26
tomato,flowering_cluster_4_6,104.78,182.08,151.67,6.18,320.22,67.92,518.33,KNO3_13_0_46,1126.8
tomato,transplant_to_flowering,141.08,142.88,43.08,6.16,8.92,7.12,106.92,KNO3_13_0_46,232.43
tomato,flowering_cluster_1_3,209.82,142.54,342.33,7.93,140.18,57.46,197.67,KNO3_13_0_46,429.72
tomato,flowering_cluster_4_6,476.3,39.59,692.09,6.71,0.0,210.41,0.0,MAP_12_61_0,344.93
tomato,flowering_cluster_4_6,278.64,51.83,378.7,7.96,146.36,198.17,291.3,NPK_20_20_20,1456.52
tomato,transplant_to_flowering,3.0,12.16,47.19,5.12,147.0,137.84,102.81,NPK_20_20_20,734.98
tomato,transplant_to_flowering,170.76,71.64,51.57,7.14,0.0,78.36,98.43,KNO3_13_0_46,213.98
tomato,fruit_development,284.64,159.3,691.78,6.61,275.36,170.7,208.22,NPK_20_20_20,1376.79
tomato,flowering_cluster_1_3,116.54,74.38,331.33,5.61,233.46,125.62,208.67,NPK_20_20_20,1167.32
tomato,flowering_cluster_1_3,225.28,93.78,411.02,7.5,124.72,106.22,128.98,NPK_20_20_20,644.89
tomato,transplant_to_flowering,55.83,78.75,171.62,5.72,94.17,71.25,0.0,UREA_46_0_0,204.72
tomato,flowering_cluster_1_3,36.21,104.28,293.78,6.83,313.79,95.72,246.22,NPK_20_20_20,1568.95
tomato,flowering_cluster_4_6,339.7,197.42,141.22,5.04,85.3,52.58,528.78,KNO3_13_0_46,1149.52
tomato,flowering_cluster_1_3,294.63,39.32,617.55,6.57,55.37,160.68,0.0,MAP_12_61_0,263.41
tomato,flowering_cluster_4_6,85.15,38.08,628.02,5.81,339.85,211.92,41.98,UREA_46_0_0,738.8
tomato,transplant_to_flowering,138.86,5.28,145.28,5.82,11.14,144.72,4.72,MAP_12_61_0,237.24
tomato,transplant_to_flowering,47.33,175.51,112.96,6.49,102.67,0.0,37.04,UREA_46_0_0,223.19
tomato,flowering_cluster_4_6,28.27,257.81,134.17,5.47,396.73,0.0,535.83,KNO3_13_0_46,1164.84
tomato,transplant_to_flowering,160.97,121.34,20.76,7.22,0.0,28.66,129.24,KNO3_13_0_46,280.96
tomato,transplant_to_flowering,7.93,155.33,44.02,6.42,142.07,0.0,105.98,UREA_46_0_0,308.85
tomato,fruit_development,618.39,70.87,1037.17,5.11,0.0,259.13,0.0,MAP_12_61_0,424.81
tomato,fruit_development,150.87,98.31,989.12,5.96,409.13,231.69,0.0,UREA_46_0_0,889.4
tomato,transplant_to_flowering,102.88,21.49,121.2,5.16,47.12,128.51,28.8,MAP_12_61_0,210.67
tomato,flowering_cluster_1_3,337.82,235.54,618.24,5.21,12.18,0.0,0.0,UREA_46_0_0,26.47
tomato,fruit_development,581.97,306.32,335.55,5.26,0.0,23.68,564.45,KNO3_13_0_46,1227.06
tomato,fruit_development,5.36,79.47,608.91,5.91,554.64,250.53,291.09,UREA_46_0_0,1205.75
tomato,flowering_cluster_1_3,194.85,142.01,319.7,7.32,155.15,57.99,220.3,KNO3_13_0_46,478.92
tomato,flowering_cluster_1_3,307.63,131.17,515.79,5.45,42.37,68.83,24.21,MAP_12_61_0,112.83
tomato,fruit_development,16.07,214.45,686.82,7.08,543.93,115.55,213.18,UREA_46_0_0,1182.46
tomato,transplant_to_flowering,171.18,0.26,118.31,7.55,0.0,149.74,31.69,MAP_12_61_0,245.47
tomato,flowering_cluster_4_6,53.01,158.94,191.49,6.48,371.99,91.06,478.51,KNO3_13_0_46,1040.25
tomato,transplant_to_flowering,175.06,25.63,50.37,5.13,0.0,124.37,99.63,MAP_12_61_0,203.89
tomato,flowering_cluster_1_3,376.86,124.74,454.15,6.12,0.0,75.26,85.85,KNO3_13_0_46,186.63
tomato,transplant_to_flowering,104.54,90.98,114.7,6.18,45.46,59.02,35.3,NPK_20_20_20,295.12
tomato,transplant_to_flowering,78.3,173.56,42.62,5.78,71.7,0.0,107.38,KNO3_13_0_46,233.44
tomato,flowering_cluster_4_6,472.28,117.89,668.85,5.98,0.0,132.11,1.15,MAP_12_61_0,216.58
tomato,fruit_development,182.75,29.58,218.93,7.34,377.25,300.42,681.07,KNO3_13_0_46,1480.59
tomato,transplant_to_flowering,27.97,29.59,83.89,6.22,122.03,120.41,66.11,NPK_20_20_20,610.13
tomato,flowering_cluster_4_6,491.96,62.29,247.88,5.8,0.0,187.71,422.12,KNO3_13_0_46,917.65
tomato,transplant_to_flowering,16.28,145.37,54.76,7.11,133.72,4.63,95.24,UREA_46_0_0,290.7
tomato,transplant_to_flowering,38.7,154.18,26.7,7.13,111.3,0.0,123.3,KNO3_13_0_46,268.05
tomato,flowering_cluster_4_6,202.08,14.69,240.27,7.46,222.92,235.31,429.73,NPK_20_20_20,2148.66
tomato,flowering_cluster_1_3,13.05,97.05,293.03,7.24,336.95,102.95,246.97,NPK_20_20_20,1684.73
tomato,flowering_cluster_1_3,39.78,24.46,514.39,5.36,310.22,175.54,25.61,UREA_46_0_0,674.38
tomato,transplant_to_flowering,149.47,176.86,23.53,7.47,0.53,0.0,126.47,KNO3_13_0_46,274.94
tomato,flowering_cluster_4_6,350.01,281.27,67.57,6.76,74.99,0.0,602.43,KNO3_13_0_46,1309.64
tomato,transplant_to_flowering,3.92,11.6,162.45,6.33,146.08,138.4,0.0,UREA_46_0_0,317.56
tomato,flowering_cluster_1_3,38.63,203.35,524.16,5.37,311.37,0.0,15.84,UREA_46_0_0,676.89
tomato,fruit_development,34.03,365.96,467.81,7.17,525.97,0.0,432.19,UREA_46_0_0,1143.42
tomato,fruit_development,19.81,270.55,186.63,5.64,540.19,59.45,713.37,KNO3_13_0_46,1550.8
tomato,flowering_cluster_1_3,115.49,107.04,96.31,6.84,234.51,92.96,443.69,KNO3_13_0_46,964.54
tomato,flowering_cluster_1_3,271.86,119.73,572.04,6.44,78.14,80.27,0.0,MAP_12_61_0,131.58
tomato,transplant_to_flowering,50.36,24.7,35.9,7.65,99.64,125.3,114.1,NPK_20_20_20,626.49
tomato,flowering_cluster_1_3,264.92,192.52,515.06,7.97,85.08,7.48,24.94,UREA_46_0_0,184.96
tomato,flowering_cluster_4_6,244.64,234.43,276.6,6.7,180.36,15.57,393.4,KNO3_13_0_46,855.21
tomato,flowering_cluster_4_6,198.07,53.94,256.38,5.66,226.93,196.06,413.62,NPK_20_20_20,2068.11
tomato,flowering_cluster_4_6,29.88,297.46,425.66,7.3,395.12,0.0,244.34,UREA_46_0_0,858.95
tomato,flowering_cluster_1_3,409.07,24.03,425.65,5.8,0.0,175.97,114.35,MAP_12_61_0,288.47
tomato,transplant_to_flowering,137.53,170.6,103.62,7.95,12.47,0.0,46.38,KNO3_13_0_46,100.82
tomato,fruit_development,238.43,332.33,912.84,5.53,321.57,0.0,0.0,UREA_46_0_0,699.07
tomato,flowering_cluster_4_6,411.17,209.29,734.84,5.08,13.83,40.71,0.0,MAP_12_61_0,66.74
tomato,flowering_cluster_4_6,483.25,169.08,452.74,5.56,0.0,80.92,217.26,KNO3_13_0_46,472.31
tomato,fruit_development,364.31,69.52,41.0,5.17,195.69,260.48,859.0,KNO3_13_0_46,1867.39
tomato,flowering_cluster_1_3,8.37,114.72,214.96,6.84,341.63,85.28,325.04,NPK_20_20_20,1708.15
tomato,flowering_cluster_1_3,143.12,42.59,519.97,7.6,206.88,157.41,20.03,UREA_46_0_0,449.74
tomato,transplant_to_flowering,3.94,105.59,165.1,7.32,146.06,44.41,0.0,UREA_46_0_0,317.51
tomato,flowering_cluster_4_6,489.88,112.08,757.31,6.19,0.0,137.92,0.0,MAP_12_61_0,226.1
tomato,transplant_to_flowering,60.58,58.07,175.65,7.2,89.42,91.93,0.0,MAP_12_61_0,150.71
tomato,fruit_development,532.12,380.42,701.11,5.52,27.88,0.0,198.89,KNO3_13_0_46,432.36
tomato,flowering_cluster_4_6,113.85,176.69,140.98,5.92,311.15,73.31,529.02,KNO3_13_0_46,1150.04
tomato,flowering_cluster_4_6,64.95,218.65,762.83,7.85,360.05,31.35,0.0,UREA_46_0_0,782.72
tomato,fruit_development,571.71,305.25,612.88,5.55,0.0,24.75,287.12,KNO3_13_0_46,624.17
tomato,flowering_cluster_4_6,469.73,290.26,177.6,6.7,0.0,0.0,492.4,KNO3_13_0_46,1070.44
tomato,fruit_development,94.51,295.16,257.04,7.95,465.49,34.84,642.96,KNO3_13_0_46,1397.75
tomato,flowering_cluster_1_3,267.2,231.14,532.44,7.01,82.8,0.0,7.56,UREA_46_0_0,180.0
tomato,flowering_cluster_4_6,227.78,79.56,200.63,5.2,197.22,170.44,469.37,KNO3_13_0_46,1020.37
tomato,flowering_cluster_4_6,401.38,216.12,38.71,6.31,23.62,33.88,631.29,KNO3_13_0_46,1372.37
tomato,fruit_development,651.24,350.28,532.53,6.14,0.0,0.0,367.47,KNO3_13_0_46,798.85
tomato,fruit_development,68.16,189.88,933.17,6.95,491.84,140.12,0.0,UREA_46_0_0,1069.22
tomato,flowering_cluster_1_3,68.32,17.69,548.05,5.88,281.68,182.31,0.0,UREA_46_0_0,612.36
tomato,flowering_cluster_4_6,133.18,31.42,274.81,7.66,291.82,218.58,395.19,NPK_20_20_20,1975.93
tomato,flowering_cluster_1_3,307.43,131.29,581.98,5.28,42.57,68.71,0.0,MAP_12_61_0,112.64
tomato,fruit_development,473.43,170.8,705.93,6.82,86.57,159.2,194.07,NPK_20_20_20,970.37
tomato,fruit_development,105.57,40.1,221.99,5.57,454.43,289.9,678.01,NPK_20_20_20,3390.03
tomato,flowering_cluster_4_6,336.9,89.22,77.12,6.18,88.1,160.78,592.88,KNO3_13_0_46,1288.88
tomato,fruit_development,103.21,142.89,461.81,5.88,456.79,187.11,438.19,NPK_20_20_20,2283.94
tomato,fruit_development,134.18,10.19,184.5,5.88,425.82,319.81,715.5,NPK_20_20_20,3577.51
tomato,transplant_to_flowering,85.24,20.79,141.28,6.41,64.76,129.21,8.72,MAP_12_61_0,211.82
tomato,flowering_cluster_4_6,46.48,163.24,148.64,7.66,378.52,86.76,521.36,KNO3_13_0_46,1133.38
tomato,flowering_cluster_4_6,95.16,13.39,353.55,5.79,329.84,236.61,316.45,NPK_20_20_20,1649.21
tomato,flowering_cluster_4_6,287.77,45.34,559.96,5.29,137.23,204.66,110.04,NPK_20_20_20,1023.3
tomato,flowering_cluster_4_6,412.17,124.2,608.19,5.68,12.83,125.8,61.81,MAP_12_61_0,206.24
tomato,transplant_to_flowering,151.34,147.31,75.35,6.61,0.0,2.69,74.65,KNO3_13_0_46,162.27
tomato,fruit_development,384.86,93.31,322.76,6.18,175.14,236.69,577.24,KNO3_13_0_46,1254.87
tomato,transplant_to_flowering,90.38,162.08,144.08,7.03,59.62,0.0,5.92,UREA_46_0_0,129.61
tomato,flowering_cluster_1_3,50.52,181.73,112.03,7.95,299.48,18.27,427.97,KNO3_13_0_46,930.38
tomato,flowering_cluster_1_3,339.55,30.28,274.35,7.96,10.45,169.72,265.65,KNO3_13_0_46,577.51
tomato,fruit_development,135.69,325.74,159.71,6.79,424.31,4.26,740.29,KNO3_13_0_46,1609.33
tomato,flowering_cluster_4_6,464.51,274.25,53.88,6.16,0.0,0.0,616.12,KNO3_13_0_46,1339.4
tomato,fruit_development,370.98,339.22,561.26,7.75,189.02,0.0,338.74,KNO3_13_0_46,736.38
tomato,transplant_to_flowering,141.58,112.15,94.06,6.26,8.42,37.85,55.94,KNO3_13_0_46,121.61
tomato,fruit_development,100.56,224.37,629.29,7.89,459.44,105.63,270.71,UREA_46_0_0,998.78
tomato,transplant_to_flowering,166.49,101.28,18.18,5.86,0.0,48.72,131.82,KNO3_13_0_46,286.57
tomato,flowering_cluster_4_6,447.73,79.24,526.45,6.72,0.0,170.76,143.55,MAP_12_61_0,279.93
tomato,fruit_development,25.18,109.06,155.36,6.83,534.82,220.94,744.64,NPK_20_20_20,3723.2
tomato,fruit_development,26.06,352.27,358.01,5.71,533.94,0.0,541.99,KNO3_13_0_46,1178.23
tomato,fruit_development,618.8,355.22,21.85,7.45,0.0,0.0,878.15,KNO3_13_0_46,1909.02
tomato,flowering_cluster_4_6,158.58,252.85,690.02,7.05,266.42,0.0,0.0,UREA_46_0_0,579.16
tomato,flowering_cluster_1_3,56.44,233.81,287.14,7.48,293.56,0.0,252.86,UREA_46_0_0,638.17
tomato,flowering_cluster_4_6,371.69,181.49,71.79,6.33,53.31,68.51,598.21,KNO3_13_0_46,1300.46
tomato,fruit_development,497.91,300.76,936.56,7.46,62.09,29.24,0.0,UREA_46_0_0,134.97
tomato,flowering_cluster_1_3,27.56,170.3,261.39,7.34,322.44,29.7,278.61,UREA_46_0_0,700.96
tomato,transplant_to_flowering,31.27,157.53,36.13,5.17,118.73,0.0,113.87,UREA_46_0_0,258.1
tomato,transplant_to_flowering,82.16,165.25,126.83,5.82,67.84,0.0,23.17,UREA_46_0_0,147.48
tomato,fruit_development,339.44,251.62,133.78,5.09,220.56,78.38,766.22,KNO3_13_0_46,1665.69
tomato,flowering_cluster_4_6,249.28,133.83,772.26,6.42,175.72,116.17,0.0,UREA_46_0_0,382.0
tomato,flowering_cluster_4_6,175.57,251.3,207.96,7.49,249.43,0.0,462.04,KNO3_13_0_46,1004.43
tomato,transplant_to_flowering,51.31,69.58,29.32,6.72,98.69,80.42,120.68,NPK_20_20_20,603.38
tomato,flowering_cluster_1_3,359.99,155.37,439.15,5.81,0.0,44.63,100.85,KNO3_13_0_46,219.25
tomato,fruit_development,344.92,342.39,1044.51,7.05,215.08,0.0,0.0,UREA_46_0_0,467.55
tomato,fruit_development,612.54,256.36,649.23,5.03,0.0,73.64,250.77,KNO3_13_0_46,545.14
tomato,flowering_cluster_4_6,310.26,282.9,573.04,7.13,114.74,0.0,96.96,UREA_46_0_0,249.44
tomato,flowering_cluster_4_6,216.14,112.94,280.36,5.76,208.86,137.06,389.64,KNO3_13_0_46,847.04
tomato,fruit_development,203.04,206.17,673.49,6.75,356.96,123.83,226.51,UREA_46_0_0,776.0
tomato,transplant_to_flowering,92.07,119.22,151.79,6.12,57.93,30.78,0.0,UREA_46_0_0,125.93
tomato,flowering_cluster_4_6,152.22,32.43,51.32,7.97,272.78,217.57,618.68,KNO3_13_0_46,1344.95
tomato,flowering_cluster_4_6,439.36,78.34,571.72,7.68,0.0,171.66,98.28,MAP_12_61_0,281.4
tomato,flowering_cluster_4_6,96.06,155.19,193.2,5.17,328.94,94.81,476.8,KNO3_13_0_46,1036.52
tomato,fruit_development,443.88,269.58,778.99,6.97,116.12,60.42,121.01,NPK_20_20_20,605.07
tomato,flowering_cluster_4_6,132.31,125.57,312.17,5.11,292.69,124.43,357.83,NPK_20_20_20,1789.13
tomato,flowering_cluster_1_3,144.13,171.21,444.73,6.91,205.87,28.79,95.27,UREA_46_0_0,447.54
tomato,fruit_development,609.19,266.06,547.9,7.54,0.0,63.94,352.1,KNO3_13_0_46,765.43
tomato,flowering_cluster_1_3,123.39,112.99,480.12,7.18,226.61,87.01,59.88,UREA_46_0_0,492.63
tomato,flowering_cluster_1_3,397.71,215.9,424.07,5.67,0.0,0.0,115.93,KNO3_13_0_46,252.01
tomato,flowering_cluster_1_3,312.57,73.7,510.68,5.99,37.43,126.3,29.32,MAP_12_61_0,207.05
tomato,flowering_cluster_4_6,298.64,139.13,94.7,5.16,126.36,110.87,575.3,KNO3_13_0_46,1250.66
tomato,transplant_to_flowering,85.0,35.02,21.57,7.04,65.0,114.98,128.43,NPK_20_20_20,642.17
tomato,flowering_cluster_4_6,210.68,261.25,121.23,7.98,214.32,0.0,548.77,KNO3_13_0_46,1192.99
tomato,flowering_cluster_4_6,208.69,170.82,728.92,6.37,216.31,79.18,0.0,UREA_46_0_0,470.24
tomato,flowering_cluster_4_6,439.82,54.11,64.97,6.0,0.0,195.89,605.03,KNO3_13_0_46,1315.28
tomato,flowering_cluster_1_3,131.63,13.92,292.93,5.63,218.37,186.08,247.07,NPK_20_20_20,1235.35
tomato,flowering_cluster_1_3,242.04,38.02,508.82,7.34,107.96,161.98,31.18,MAP_12_61_0,265.53
tomato,flowering_cluster_1_3,258.08,152.04,261.4,7.9,91.92,47.96,278.6,KNO3_13_0_46,605.65
tomato,fruit_development,3.14,211.38,789.11,7.85,556.86,118.62,110.89,UREA_46_0_0,1210.57
tomato,flowering_cluster_4_6,385.99,159.31,14.4,5.01,39.01,90.69,655.6,KNO3_13_0_46,1425.21
tomato,flowering_cluster_1_3,95.03,210.48,202.24,5.31,254.97,0.0,337.76,KNO3_13_0_46,734.27
tomato,flowering_cluster_4_6,85.18,247.15,239.75,5.87,339.82,2.85,430.25,KNO3_13_0_46,935.32
tomato,flowering_cluster_4_6,221.17,206.03,107.57,7.99,203.83,43.97,562.43,KNO3_13_0_46,1222.68
tomato,fruit_development,241.42,74.62,1023.93,7.75,318.58,255.38,0.0,UREA_46_0_0,692.57
tomato,fruit_development,12.85,88.83,1063.67,5.63,547.15,241.17,0.0,UREA_46_0_0,1189.45
tomato,transplant_to_flowering,106.14,30.42,65.99,6.95,43.86,119.58,84.01,NPK_20_20_20,597.91
tomato,transplant_to_flowering,67.53,115.26,138.82,6.87,82.47,34.74,11.18,UREA_46_0_0,179.27
tomato,transplant_to_flowering,119.15,117.64,3.55,7.07,30.85,32.36,146.45,KNO3_13_0_46,318.36
tomato,fruit_development,298.58,48.94,272.96,7.11,261.42,281.06,627.04,KNO3_13_0_46,1363.14
tomato,flowering_cluster_1_3,291.98,151.27,195.12,6.98,58.02,48.73,344.88,KNO3_13_0_46,749.73
tomato,flowering_cluster_4_6,317.63,210.22,336.74,7.7,107.37,39.78,333.26,KNO3_13_0_46,724.49
tomato,transplant_to_flowering,50.89,141.26,89.59,6.83,99.11,8.74,60.41,UREA_46_0_0,215.46
tomato,flowering_cluster_4_6,424.06,291.94,287.77,6.23,0.94,0.0,382.23,KNO3_13_0_46,830.94
tomato,flowering_cluster_1_3,16.55,119.13,134.59,7.8,333.45,80.87,405.41,NPK_20_20_20,2027.07
tomato,flowering_cluster_4_6,119.6,3.82,71.56,5.33,305.4,246.18,598.44,KNO3_13_0_46,1300.96
tomato,fruit_development,100.23,35.67,552.64,7.17,459.77,294.33,347.36,NPK_20_20_20,2298.87
tomato,transplant_to_flowering,162.86,115.98,82.22,7.93,0.0,34.02,67.78,KNO3_13_0_46,147.36
tomato,flowering_cluster_4_6,236.78,29.94,140.46,5.12,188.22,220.06,529.54,KNO3_13_0_46,1151.17
tomato,flowering_cluster_4_6,183.71,203.03,342.5,5.35,241.29,46.97,327.5,KNO3_13_0_46,711.96
tomato,transplant_to_flowering,1.74,24.91,116.5,5.99,148.26,125.09,33.5,NPK_20_20_20,741.29
tomato,fruit_development,641.82,106.25,791.71,6.12,0.0,223.75,108.29,MAP_12_61_0,366.8
tomato,flowering_cluster_4_6,93.26,120.23,773.7,5.82,331.74,129.77,0.0,UREA_46_0_0,721.17
tomato,fruit_development,463.61,189.39,455.48,7.66,96.39,140.61,444.52,KNO3_13_0_46,966.35
tomato,flowering_cluster_1_3,47.48,167.08,38.0,7.83,302.52,32.92,502.0,KNO3_13_0_46,1091.3
tomato,flowering_cluster_1_3,43.56,218.69,312.77,6.71,306.44,0.0,227.23,UREA_46_0_0,666.17
tomato,fruit_development,121.81,150.38,387.29,5.09,438.19,179.62,512.71,NPK_20_20_20,2563.57
tomato,flowering_cluster_1_3,202.89,117.15,575.16,6.32,147.11,82.85,0.0,UREA_46_0_0,319.8
tomato,transplant_to_flowering,47.09,56.56,126.82,7.03,102.91,93.44,23.18,NPK_20_20_20,514.55
tomato,flowering_cluster_1_3,410.72,160.76,219.22,6.57,0.0,39.24,320.78,KNO3_13_0_46,697.35
tomato,transplant_to_flowering,77.91,130.8,86.75,6.99,72.09,19.2,63.25,NPK_20_20_20,360.44
tomato,fruit_development,99.9,327.27,963.43,6.84,460.1,2.73,0.0,UREA_46_0_0,1000.23
tomato,transplant_to_flowering,115.81,28.25,152.79,7.56,34.19,121.75,0.0,MAP_12_61_0,199.6
tomato,flowering_cluster_1_3,31.44,118.0,156.1,7.91,318.56,82.0,383.9,NPK_20_20_20,1919.51
tomato,transplant_to_flowering,91.25,99.09,68.15,7.45,58.75,50.91,81.85,NPK_20_20_20,409.23
tomato,transplant_to_flowering,82.64,144.23,80.66,7.57,67.36,5.77,69.34,NPK_20_20_20,346.71
tomato,fruit_development,212.39,388.35,804.86,5.05,347.61,0.0,95.14,UREA_46_0_0,755.67
tomato,fruit_development,277.09,220.62,0.18,5.27,282.91,109.38,899.82,KNO3_13_0_46,1956.12
tomato,flowering_cluster_4_6,453.96,168.7,526.3,6.37,0.0,81.3,143.7,KNO3_13_0_46,312.4
tomato,flowering_cluster_4_6,185.3,16.28,179.23,6.36,239.7,233.72,490.77,KNO3_13_0_46,1066.9
tomato,fruit_development,481.59,143.86,488.74,5.29,78.41,186.14,411.26,KNO3_13_0_46,894.05
tomato,flowering_cluster_1_3,0.92,85.23,410.61,7.4,349.08,114.77,129.39,UREA_46_0_0,758.86
tomato,flowering_cluster_4_6,358.07,13.73,131.98,5.42,66.93,236.27,538.02,KNO3_13_0_46,1169.61
tomato,fruit_development,71.88,241.9,202.55,7.79,488.12,88.1,697.45,KNO3_13_0_46,1516.2
tomato,fruit_development,144.88,326.52,205.83,6.01,415.12,3.48,694.17,KNO3_13_0_46,1509.08
tomato,fruit_development,31.25,250.76,725.91,5.37,528.75,79.24,174.09,UREA_46_0_0,1149.46
tomato,fruit_development,307.36,233.37,544.53,7.89,252.64,96.63,355.47,KNO3_13_0_46,772.75
tomato,transplant_to_flowering,95.47,8.74,168.36,7.52,54.53,141.26,0.0,MAP_12_61_0,231.57
tomato,fruit_development,621.18,309.31,983.0,7.08,0.0,20.69,0.0,MAP_12_61_0,33.92
tomato,flowering_cluster_1_3,306.81,30.81,251.04,6.8,43.19,169.19,288.96,KNO3_13_0_46,628.18
tomato,flowering_cluster_4_6,257.1,115.4,787.52,7.75,167.9,134.6,0.0,UREA_46_0_0,365.01
tomato,flowering_cluster_1_3,114.91,231.26,628.88,6.36,235.09,0.0,0.0,UREA_46_0_0,511.06
tomato,flowering_cluster_1_3,58.04,144.61,574.41,6.54,291.96,55.39,0.0,UREA_46_0_0,634.71
tomato,flowering_cluster_4_6,363.06,280.65,508.6,5.6,61.94,0.0,161.4,KNO3_13_0_46,350.88
tomato,flowering_cluster_4_6,350.17,276.36,106.67,7.13,74.83,0.0,563.33,KNO3_13_0_46,1224.63
tomato,flowering_cluster_1_3,211.64,166.63,208.9,5.35,138.36,33.37,331.1,KNO3_13_0_46,719.78
tomato,flowering_cluster_4_6,286.76,174.84,757.91,7.13,138.24,75.16,0.0,UREA_46_0_0,300.52
tomato,flowering_cluster_4_6,447.51,126.72,10.27,5.32,0.0,123.28,659.73,KNO3_13_0_46,1434.2
tomato,fruit_development,97.66,265.42,215.89,7.25,462.34,64.58,684.11,KNO3_13_0_46,1487.19
tomato,flowering_cluster_1_3,413.08,164.01,94.89,5.19,0.0,35.99,445.11,KNO3_13_0_46,967.64
tomato,flowering_cluster_4_6,104.04,162.35,288.38,6.36,320.96,87.65,381.62,NPK_20_20_20,1908.1
tomato,flowering_cluster_1_3,311.81,134.7,153.96,7.35,38.19,65.3,386.04,KNO3_13_0_46,839.21
tomato,flowering_cluster_4_6,353.4,14.09,306.79,6.25,71.6,235.91,363.21,KNO3_13_0_46,789.58
tomato,flowering_cluster_4_6,492.57,16.14,597.91,5.61,0.0,233.86,72.09,MAP_12_61_0,383.38
tomato,fruit_development,557.75,360.95,761.0,6.94,2.25,0.0,139.0,KNO3_13_0_46,302.18
tomato,flowering_cluster_1_3,325.98,231.43,190.63,5.53,24.02,0.0,349.37,KNO3_13_0_46,759.51
tomato,transplant_to_flowering,33.66,31.28,92.49,6.13,116.34,118.72,57.51,NPK_20_20_20,593.58
tomato,fruit_development,187.56,104.64,173.8,7.54,372.44,225.36,726.2,KNO3_13_0_46,1578.69
tomato,transplant_to_flowering,59.5,127.74,27.87,5.46,90.5,22.26,122.13,KNO3_13_0_46,265.51
tomato,flowering_cluster_4_6,304.41,232.1,502.79,7.53,120.59,17.9,167.21,KNO3_13_0_46,363.49
tomato,flowering_cluster_4_6,250.18,171.8,287.9,7.35,174.82,78.2,382.1,KNO3_13_0_46,830.65
tomato,flowering_cluster_4_6,267.95,287.1,418.57,7.36,157.05,0.0,251.43,KNO3_13_0_46,546.59
tomato,flowering_cluster_1_3,174.69,128.89,59.58,5.66,175.31,71.11,480.42,KNO3_13_0_46,1044.39
tomato,flowering_cluster_1_3,278.6,79.46,190.24,7.85,71.4,120.54,349.76,KNO3_13_0_46,760.36
tomato,fruit_development,669.74,326.18,1059.62,5.03,0.0,3.82,0.0,MAP_12_61_0,6.26
tomato,flowering_cluster_4_6,227.29,271.35,493.42,6.86,197.71,0.0,176.58,UREA_46_0_0,429.8
tomato,transplant_to_flowering,122.86,57.77,164.87,7.83,27.14,92.23,0.0,MAP_12_61_0,151.2
tomato,fruit_development,172.43,286.69,26.68,6.55,387.57,43.31,873.32,KNO3_13_0_46,1898.52
tomato,flowering_cluster_4_6,262.3,152.62,391.39,5.89,162.7,97.38,278.61,KNO3_13_0_46,605.67
tomato,flowering_cluster_1_3,134.53,19.76,62.18,7.91,215.47,180.24,477.82,KNO3_13_0_46,1038.74
tomato,transplant_to_flowering,112.85,37.94,113.31,5.64,37.15,112.06,36.69,MAP_12_61_0,183.7
tomato,fruit_development,561.57,81.41,895.05,7.64,0.0,248.59,4.95,MAP_12_61_0,407.53
tomato,fruit_development,434.49,372.14,806.64,5.46,125.51,0.0,93.36,UREA_46_0_0,272.85
tomato,fruit_development,481.74,15.0,79.11,5.53,78.26,315.0,820.89,KNO3_13_0_46,1784.55
tomato,flowering_cluster_4_6,284.62,172.49,183.03,5.78,140.38,77.51,486.97,KNO3_13_0_46,1058.64
tomato,fruit_development,303.16,160.16,341.72,6.17,256.84,169.84,558.28,KNO3_13_0_46,1213.66
tomato,transplant_to_flowering,96.27,115.46,111.3,7.27,53.73,34.54,38.7,NPK_20_20_20,268.65
tomato,transplant_to_flowering,126.16,13.07,167.05,5.32,23.84,136.93,0.0,MAP_12_61_0,224.48
tomato,flowering_cluster_4_6,309.35,84.46,745.06,6.14,115.65,165.54,0.0,MAP_12_61_0,271.38
tomato,transplant_to_flowering,85.32,96.02,24.55,6.17,64.68,53.98,125.45,KNO3_13_0_46,272.72
tomato,flowering_cluster_4_6,489.67,43.22,544.54,7.74,0.0,206.78,125.46,MAP_12_61_0,338.98
tomato,flowering_cluster_4_6,488.27,3.35,703.31,5.42,0.0,246.65,0.0,MAP_12_61_0,404.35
tomato,transplant_to_flowering,0.91,107.4,96.69,7.84,149.09,42.6,53.31,UREA_46_0_0,324.12
tomato,flowering_cluster_4_6,107.13,222.43,583.65,5.64,317.87,27.57,86.35,UREA_46_0_0,691.03
tomato,flowering_cluster_1_3,67.6,52.99,540.92,5.58,282.4,147.01,0.0,UREA_46_0_0,613.91
tomato,flowering_cluster_1_3,281.81,136.15,35.24,7.25,68.19,63.85,504.76,KNO3_13_0_46,1097.3
tomato,fruit_development,433.22,28.97,725.42,5.75,126.78,301.03,174.58,NPK_20_20_20,1505.17
tomato,flowering_cluster_1_3,304.75,116.93,214.39,5.38,45.25,83.07,325.61,KNO3_13_0_46,707.84
tomato,flowering_cluster_1_3,42.02,148.68,583.28,5.95,307.98,51.32,0.0,UREA_46_0_0,669.52
tomato,fruit_development,220.65,261.13,748.93,5.46,339.35,68.87,151.07,UREA_46_0_0,737.72
tomato,flowering_cluster_4_6,411.93,287.6,135.59,5.94,13.07,0.0,534.41,KNO3_13_0_46,1161.77
tomato,flowering_cluster_1_3,299.12,153.8,179.29,6.08,50.88,46.2,360.71,KNO3_13_0_46,784.16
tomato,flowering_cluster_4_6,447.72,138.85,288.43,5.92,0.0,111.15,381.57,KNO3_13_0_46,829.5
tomato,transplant_to_flowering,31.64,109.19,151.52,7.58,118.36,40.81,0.0,UREA_46_0_0,257.31
tomato,flowering_cluster_1_3,374.34,47.14,475.34,6.88,0.0,152.86,64.66,MAP_12_61_0,250.58
tomato,transplant_to_flowering,160.58,152.93,113.69,7.44,0.0,0.0,36.31,KNO3_13_0_46,78.93
tomato,fruit_development,516.9,84.25,39.59,5.78,43.1,245.75,860.41,KNO3_13_0_46,1870.46
